19.62179,45.646275,24.569582,45.40426,29.852098,44.81459,36.128677,44.729153,30.162298,45.923534,24.929388,46.45759,57.028214,45.677883,63.13318,47.56245,68.79962,48.912075,74.81752,49.72678,68.42806,49.72528,62.68569,48.142567
52.051907,49.180832,57.4069,47.542145,61.98549,45.98829,66.86466,44.686234,63.69551,48.004692,59.127243,49.551468,83.69683,40.58483,85.79931,40.047638,88.41794,39.17497,90.753494,39.01801,89.23957,40.84826,86.866035,41.63158
20.529032,52.897255,25.219763,48.799793,30.598158,46.53321,37.625893,46.211067,31.810251,48.56069,26.669573,50.58405,61.80442,40.654144,67.72411,38.504463,73.43741,37.897522,79.37071,38.83248,73.42805,39.555706,68.01771,40.044823
16.433163,48.718525,24.176739,50.770298,31.719433,50.704,38.860695,50.082077,31.308521,53.611423,23.644875,53.474503,66.07933,49.599655,74.37472,50.81961,81.54572,50.610683,88.208534,47.96829,81.21152,53.216908,73.82857,53.305187
20.290787,41.766346,26.832794,44.52539,33.70503,45.054024,41.19775,45.046032,33.135853,47.38818,25.9567,46.715813,65.03043,46.454994,73.72849,48.05251,81.04361,48.38041,87.7169,45.929947,80.68299,50.88873,73.04927,50.64663
24.45177,47.791264,27.25676,48.366055,31.616772,48.475914,36.290825,48.27231,31.441242,49.39434,27.369484,49.293236,56.846317,49.605637,61.56536,50.65143,67.606895,51.61837,74.59284,51.476032,67.90012,52.785416,61.74775,52.020153
28.576725,37.50257,33.059334,36.680817,37.12039,36.129402,42.99788,35.88523,38.457924,36.700706,34.219387,37.378807,59.81951,35.215908,63.84751,34.472443,68.35674,34.32215,74.0281,33.95382,68.4194,34.926674,63.879288,35.470493
23.908272,36.986618,26.855984,37.116753,30.890594,39.19605,33.965935,42.813393,29.226421,42.448708,25.437134,40.564938,54.120106,52.042988,60.10304,52.269775,65.43793,55.11335,70.23468,58.625664,63.83841,58.38337,58.582058,56.23857
24.939846,47.140266,29.756199,46.700085,35.35058,46.06621,41.34022,46.144054,35.63759,47.673187,30.15524,48.12416,65.94904,46.30059,71.693825,46.408283,77.27973,46.738716,82.87599,46.904484,77.238625,48.08855,71.56817,47.78284
31.103535,48.72353,36.177776,49.043274,40.483982,48.51305,44.85502,47.975708,40.622776,49.03438,36.327587,49.398594,66.7193,47.311134,71.34994,47.67604,75.3812,47.732697,79.543144,47.344765,75.297455,48.244297,71.39763,48.185787
27.911043,59.692863,28.256632,58.7244,30.482553,57.562523,33.75982,56.287212,32.18525,59.366356,29.963743,60.820827,48.47943,48.958115,50.468826,45.995308,54.01513,43.672646,59.28826,41.033253,56.020523,45.986958,52.191887,48.37971
20.857435,49.130627,26.244062,49.787605,31.62058,49.145935,37.588745,47.357964,31.667948,49.7604,26.065142,50.665344,59.16176,45.343384,65.49616,46.136185,71.46236,45.970627,77.6669,43.572044,71.72354,46.48369,65.6652,46.949738
36.164265,38.942745,42.140667,38.630116,47.454582,38.836792,52.88171,40.34648,47.423756,40.733616,42.173203,40.167645,78.618866,47.222816,83.528,48.56739,87.92852,50.57522,91.47574,53.670258,86.928276,52.083942,82.583786,50.079933
24.223055,42.080154,30.345308,42.044548,36.09892,41.842255,41.357418,42.03654,35.896336,44.020077,30.298323,44.280033,62.593227,41.169685,68.41704,40.393894,73.81852,39.825447,79.38786,39.293568,73.95827,42.384266,68.58976,42.862934
25.929384,45.547882,32.69655,46.208534,38.83043,45.76578,45.045227,45.320095,38.546547,47.771183,32.312775,47.83842,72.46982,45.539726,78.87002,45.811,84.90495,45.870815,90.85173,45.15622,84.97939,48.008858,78.88065,48.028873
26.155659,49.848415,31.69022,50.000187,37.133434,49.090843,43.314472,48.395073,37.72839,50.176414,32.161167,50.748783,65.40805,48.52699,71.64546,49.307644,76.8728,49.67144,82.56326,49.67096,76.88466,50.613003,71.33676,50.187355
25.886646,53.16722,32.22717,54.905678,38.61144,54.283638,44.285915,51.61973,38.35761,54.379856,32.07577,55.238556,65.89394,49.41221,72.2988,50.41852,78.44042,49.361847,84.1595,46.14486,78.85491,49.479733,72.75884,50.620857
24.440311,49.856026,30.405872,51.532455,35.695446,50.784523,41.444916,48.679756,35.719242,50.82846,30.03606,51.39736,61.239365,48.668083,67.77343,51.540512,73.408806,52.155174,79.208176,49.867516,73.12856,51.869026,67.460815,51.205803
27.98166,50.288635,33.583057,49.642254,39.255875,48.796413,45.329082,48.582306,39.81938,50.289055,34.244118,50.839725,69.38483,50.002426,75.22673,51.051937,80.483925,52.092358,84.983345,53.115685,80.253456,53.517006,74.971016,52.45564
24.645588,35.918182,31.76067,37.257145,38.06804,37.86461,44.55002,39.277454,37.61528,41.141228,31.101902,40.565533,69.913216,41.362484,76.76297,40.77616,83.07517,41.408497,89.4657,41.035526,82.7604,44.52873,76.387344,44.2003
24.440311,49.856026,30.405872,51.532455,35.695446,50.784523,41.444916,48.679756,35.719242,50.82846,30.03606,51.39736,61.239365,48.668083,67.77343,51.540512,73.408806,52.155174,79.208176,49.867516,73.12856,51.869026,67.460815,51.205803
24.546146,25.60163,30.133339,25.982962,35.695557,25.196295,41.499676,24.697813,35.684807,27.65336,29.72784,28.127378,71.922325,25.814356,78.64453,25.966257,84.45909,26.48475,89.84542,26.669416,84.460655,28.942327,77.97205,28.43284
23.801853,44.132652,29.01311,42.47949,34.511105,41.902,40.26961,42.93738,34.513844,44.242596,28.922495,44.829952,63.508858,42.94963,69.780945,41.964825,75.66175,42.700222,81.73867,44.576435,75.218506,45.32575,69.20458,44.592537
23.25504,58.18721,28.161716,57.62686,32.78562,55.347015,38.17326,52.49923,33.520386,56.048615,28.797192,57.92023,61.213478,45.786472,67.15242,46.08417,72.34744,44.9475,78.16911,42.13127,72.48142,45.626057,67.19956,46.688904
17.365177,51.67495,20.615097,49.934532,24.911201,49.585396,29.626045,49.804016,24.97897,52.528397,20.686787,52.987144,50.699947,46.387802,55.61343,44.771652,61.01402,44.638504,67.60228,44.984238,61.366634,47.28074,55.76385,47.746323
21.433392,42.917088,24.244377,40.730255,28.132286,40.515305,31.879448,42.035725,28.005272,43.570244,24.42297,43.79225,52.76441,42.12689,58.11977,39.710693,64.22081,40.545094,70.7695,43.75176,64.06616,43.84044,57.965816,43.268497
22.11846,45.28182,27.085505,43.254112,32.77294,41.89794,38.415833,42.34133,33.26217,44.773415,27.697546,45.813686,64.340256,40.057796,69.69261,38.222214,75.7888,38.38819,82.59295,38.873825,75.94221,41.238297,69.93405,41.39679
26.3264,49.45096,30.362566,48.78224,35.38183,48.05464,40.85025,47.827137,36.04675,49.791645,30.800863,50.402134,63.309902,47.923584,68.511765,48.406532,73.89177,48.79004,79.37045,48.964863,74.175896,50.02409,68.666725,49.71745
22.508118,49.94451,29.143072,50.89701,35.686516,51.08967,42.26544,50.422874,35.770546,52.315468,29.17434,52.40538,66.58309,50.821587,73.39697,51.89836,79.366135,52.56977,85.4976,52.061768,79.27691,54.055016,73.14384,53.557526
40.1705,48.367245,46.675735,49.254383,52.368977,49.343796,58.349106,49.862103,52.333282,51.56154,46.7314,51.328007,78.41836,50.87841,82.86082,50.55391,87.12054,50.78232,90.63472,51.263977,87.39562,52.958214,83.216995,52.69015
18.027277,47.74092,22.614233,46.48083,27.506666,44.923447,33.29062,44.410706,28.139616,47.419308,23.197397,48.44413,56.912567,41.027855,62.64528,39.499428,68.71552,38.923615,75.80342,38.18399,69.14284,41.63637,63.141518,42.184647
35.459385,33.55595,39.00888,35.66163,41.88911,37.768517,44.728447,39.996853,40.937313,37.726368,38.396725,35.803123,61.7746,53.365444,65.73055,56.89004,69.39382,60.662975,74.30832,64.685776,68.68003,60.50008,64.93643,57.257618
43.317677,32.839146,50.53623,31.177765,55.884388,30.245117,60.69105,30.900515,56.3364,32.57254,50.94054,33.407684,82.16013,27.903559,85.50721,27.298307,88.04502,27.464949,89.92633,28.24011,88.16069,28.973608,85.73341,28.880001
24.040546,48.811394,29.046307,48.71937,34.28817,47.890453,40.2882,46.996094,34.462833,49.44884,29.192959,50.181126,65.804504,45.91096,72.14424,46.6295,77.07086,46.814793,82.48178,46.08811,76.96088,48.101944,71.79526,47.89624
15.268406,48.496033,15.876057,48.33852,18.648964,48.28842,21.029377,48.26892,19.204567,50.102364,16.561039,50.32608,39.179268,45.92949,43.21924,44.929447,48.429375,44.58183,54.76403,43.757603,49.01879,46.487076,43.729652,47.181366
18.773088,63.002693,23.941542,62.92232,28.73477,60.754425,33.674072,56.792934,28.877977,60.68032,23.750555,62.82235,55.555183,47.07856,62.158127,46.33254,67.71626,44.00189,73.58348,39.35486,68.20214,43.865253,62.395576,46.20127
50.9571,39.87044,56.948685,41.333923,61.909737,43.215145,65.829865,45.953392,60.763298,45.355057,55.470688,43.506367,83.01082,52.799477,87.095,53.98976,90.44592,55.566326,91.28993,56.897774,89.144745,57.331413,85.84676,55.77029
22.929585,51.366005,28.458687,51.494743,34.149597,51.306175,39.7914,51.478127,34.049725,53.286957,28.434887,53.51056,63.961323,52.088608,69.95268,52.48884,75.562874,53.317337,81.21523,53.377327,75.12265,54.764618,69.4603,54.2434
31.501081,54.594223,38.383507,53.842514,44.442837,52.25236,50.277294,50.96462,44.417744,54.101032,38.4163,55.53513,74.3298,45.648716,80.61713,44.70037,85.774765,43.78576,90.46317,43.238,85.93617,45.821175,80.870964,46.398224
26.640276,51.25303,32.521618,52.078514,38.33125,51.633102,43.732143,51.072887,38.284573,53.036507,32.510033,53.401955,64.666916,52.117943,70.85125,52.868126,76.43902,53.34414,81.91931,53.068863,76.28028,54.99193,70.562454,54.586334
32.56225,34.579384,37.31895,37.67547,42.08519,40.34797,46.73062,43.285034,40.890015,41.432632,36.259697,38.6838,66.17622,57.02925,71.850746,61.676735,76.347015,65.8569,80.93508,69.18409,75.03229,66.14914,70.56723,62.44996
15.5238,43.686943,19.818897,42.072323,24.57317,41.497414,29.725925,42.115204,24.70362,43.886955,19.774494,44.496925,51.376377,41.015045,58.029842,40.483364,64.224686,41.00354,70.61992,42.17243,63.913525,43.15742,57.615803,42.56918
22.902393,51.287125,28.70118,51.981216,34.511013,51.901512,40.78963,51.656128,34.409157,53.685272,28.449192,53.77411,63.94734,51.396553,69.68548,51.30191,75.43066,51.287468,81.286606,50.673286,75.87804,53.524353,69.85452,53.543808
15.874687,39.96058,22.626446,40.66255,29.923,39.67432,37.652927,37.396095,30.023876,40.967396,22.627098,42.282906,64.89308,33.406082,73.08836,33.41566,80.73804,32.420143,88.455536,29.957413,81.08699,34.10173,73.352295,34.954197
25.956894,53.74002,31.685524,53.750404,37.399105,52.564358,42.32517,51.310516,37.531788,54.17488,31.915329,55.106285,65.06538,49.554794,71.18214,50.181328,76.70053,50.604286,81.926094,49.47758,76.3053,51.84556,70.89976,51.773636
27.583996,43.16351,28.961708,41.984104,33.00999,42.426872,36.681957,44.573627,33.020084,45.982136,29.559574,45.64931,57.010387,47.28271,61.55601,45.36906,66.82881,45.47308,72.783,47.24082,66.79303,49.31151,61.593197,49.18144
29.019411,45.017914,34.191532,45.16011,38.767124,44.88555,44.530712,44.443657,38.915516,45.061165,34.10068,45.29376,66.07462,44.741405,71.97409,44.533386,76.515305,44.887882,81.96763,45.20389,76.50165,45.576035,71.7691,45.361637
19.023914,41.244812,26.106312,42.146088,33.37183,41.573517,41.29915,40.545776,33.58175,43.689163,26.258484,44.03536,67.68196,39.72458,74.98951,40.40977,81.95533,40.73543,89.47217,39.56701,82.01974,42.525528,74.93941,42.338478
25.565487,48.228024,30.813316,46.794365,36.428814,45.54641,43.354366,45.38608,37.36091,47.425453,31.688343,48.6001,68.42796,43.98402,75.076294,43.56923,80.504166,43.84835,86.31189,44.58225,80.33697,45.52972,74.72245,45.215885
23.72717,50.7166,28.38017,49.8037,33.375015,49.11061,38.736366,49.831367,33.795067,51.271908,28.515944,51.779167,58.515427,48.86923,63.712944,47.834995,68.865265,46.943157,74.858376,46.08525,69.387375,48.493423,63.954727,49.201565
23.0025,66.878075,25.765638,62.825577,29.636396,59.593155,34.238968,56.137737,30.80787,60.447083,27.278414,63.794746,54.25712,40.69545,58.4255,36.62912,63.4299,33.631218,69.22715,30.648949,64.628365,34.729954,60.117706,37.957184
21.867992,41.767242,28.164154,42.88833,34.908443,42.6044,41.32654,41.410355,35.16552,44.23381,28.142494,44.77453,70.26303,40.6792,77.507645,41.261757,84.15025,41.51808,90.68747,40.024605,84.53453,42.94143,77.6817,43.01185
21.450329,37.74163,27.129467,38.26469,33.48328,37.49802,40.62805,35.880386,34.085896,38.481026,27.449581,39.300667,70.60112,35.21439,77.185036,36.439217,83.2792,36.972256,89.928085,36.00313,83.353615,37.749065,76.9528,37.476536
21.24186,40.59116,27.751396,42.49259,33.70394,41.88573,40.786148,40.033234,34.55794,42.823616,28.338455,43.20907,63.286854,41.194164,68.81352,42.864376,73.39866,43.76525,77.9472,42.905975,73.26838,44.709404,68.45625,43.76469
21.070477,38.35005,27.537449,39.12231,33.64841,37.85412,40.60794,35.878304,34.241077,38.621883,27.895195,39.684708,65.002556,34.69779,72.32958,36.42496,78.328026,37.207664,84.58348,36.090214,77.85308,37.786392,71.58425,37.04454
27.091139,65.36181,30.723722,62.518353,35.35347,60.618565,40.477844,59.87244,36.611153,63.60286,32.202072,65.83499,59.568237,48.638103,63.577446,43.84678,68.49312,40.294453,73.42225,38.033653,70.39936,43.37662,65.70155,46.773643
19.58532,26.546358,26.431828,26.238932,33.79477,26.210886,41.20107,27.224783,34.162735,28.952147,26.512596,29.05974,73.30147,28.817831,81.18391,28.68088,88.64872,29.606993,96.28026,30.16287,88.52574,31.914259,80.7778,31.362673
43.086517,44.769745,49.120785,42.862938,54.18898,41.54058,58.65333,42.050224,54.197067,44.2546,49.33962,45.19227,79.855965,41.80105,84.24908,40.844597,88.34678,41.163887,92.39844,42.923203,88.36615,43.753677,84.38975,43.32364
30.596136,54.699802,36.315742,54.04833,42.10733,53.125122,47.508427,53.53286,42.118767,55.721794,36.232113,56.397564,69.252365,50.457115,74.817245,48.62449,80.10541,48.01567,84.3887,47.688087,80.37805,50.244225,75.06563,50.90975
29.73491,50.074417,34.4767,48.04811,39.267715,46.98082,44.559715,47.770157,39.83069,48.506023,35.016384,49.29203,66.548225,46.35861,71.9209,45.14873,76.64337,45.142036,81.35176,46.544376,76.619446,46.814888,71.91129,46.644505
26.954453,48.762897,32.041656,48.906765,37.49552,47.9824,43.382523,48.0485,37.77185,50.11167,32.216187,50.564274,65.30059,48.509026,71.21935,49.309006,76.805466,49.552605,82.70855,48.67045,76.93299,51.19705,71.16908,50.773342
27.745632,51.673256,33.352695,51.704754,39.500374,51.62829,45.0352,52.453644,39.408222,53.782433,33.113308,53.85598,67.81435,53.273643,73.671585,53.251015,79.69812,53.486504,84.95072,53.11081,79.552734,55.68341,73.52177,55.290848
20.753792,48.23084,27.27281,49.911938,33.58687,49.865784,39.962036,49.32235,33.41669,51.36657,26.929754,51.239826,66.412346,49.800243,73.262474,51.271458,79.26054,51.37973,85.07161,49.58698,79.34369,52.280087,73.037796,52.23078
28.03254,51.23694,32.52928,51.392235,36.765568,51.241158,40.39864,51.478264,36.35146,52.487972,31.889072,52.68985,62.92031,50.804253,67.65196,51.10667,71.860115,51.37686,75.96337,51.258194,71.23185,52.444916,66.875755,52.30849
26.606134,49.91413,32.05549,50.182007,37.15121,49.38657,43.50089,48.556923,37.598717,50.65943,32.260834,51.341026,66.76476,49.468716,72.624435,50.400597,77.61048,50.924194,82.87362,50.30307,77.60767,51.707024,72.37102,51.372826
22.51403,57.68329,27.113548,53.11622,32.496143,50.60322,39.43023,49.987556,33.492996,52.87546,28.191452,55.55386,58.84864,39.554783,63.38212,34.54466,68.29733,32.078777,74.67534,31.116924,69.41554,34.375374,64.70341,36.850197
24.982573,27.34826,30.166279,31.439402,36.10623,34.23443,41.66629,36.225792,34.82118,36.36592,28.84001,33.771072,64.421875,48.994125,70.882286,52.782486,77.05227,55.821625,83.9161,56.931396,75.88196,58.053673,69.58548,55.339233
20.3538,42.77874,26.982141,42.85993,33.228645,42.22022,40.282455,42.12975,33.623184,44.015106,27.388163,44.413624,66.0159,41.383636,72.49542,41.165485,78.44042,41.37039,85.79912,40.62883,78.45653,42.557594,72.412,42.63979
26.156925,44.205097,28.018642,43.2413,32.38389,43.802086,36.223545,46.137123,32.153362,47.55634,28.267937,46.98654,56.343277,48.683647,60.956787,46.88333,66.516846,46.971043,72.43,48.56942,66.35589,50.96854,60.82675,50.816235
28.99744,77.04478,31.358803,72.03418,34.806095,67.13591,40.747044,62.75379,38.590588,68.79645,35.06451,73.74199,55.24889,42.23864,57.581768,36.051323,61.139904,30.478127,65.88484,24.848389,64.42775,31.415794,60.907856,36.92174
30.127913,54.758667,35.824276,54.782005,41.440075,53.545673,47.112217,52.025978,41.71725,54.1287,36.11429,55.048977,71.51691,48.144234,76.89347,48.125763,82.358246,47.914253,87.54813,46.208557,82.12177,47.90206,76.78279,48.479984
24.974812,23.431305,31.815983,25.980595,39.05857,28.172268,45.256153,30.592789,37.83416,30.285694,30.879566,27.978634,69.23787,40.013477,76.1653,43.059353,82.70864,45.89452,88.638535,47.6626,81.61821,47.338993,75.14954,44.67734
21.554695,49.46025,26.459202,50.705162,31.789005,49.99588,37.878162,47.949516,31.793774,50.27728,26.45422,51.04486,59.36981,45.638756,65.67116,46.650887,71.65619,46.42764,77.6992,43.95104,71.84653,46.62065,65.846985,47.042526
16.409748,33.446877,24.278275,32.578506,31.96545,31.464788,40.816628,30.609259,32.343018,33.12053,24.358326,34.344017,66.97226,29.026323,76.005356,29.165956,83.68744,29.990007,91.69737,30.716349,83.56828,31.990118,75.38005,31.202318
25.748604,49.780365,31.866066,48.81987,38.214447,48.27694,44.45097,49.038162,38.641533,50.602654,32.192986,50.905235,67.57835,49.67788,74.18473,50.073418,80.356026,50.994568,86.522354,52.24433,80.18506,53.16918,73.81612,52.192123
24.389387,40.65765,29.775877,38.463993,34.76342,37.85203,40.71646,39.313232,35.20211,39.545933,30.179083,40.025257,67.124344,35.45181,72.396736,33.477646,76.977104,32.82757,82.83951,33.64672,77.275795,34.124626,72.527054,34.762875
20.745825,34.93156,27.218615,31.831116,33.727272,31.149097,40.616043,33.887268,34.071487,35.05184,27.365278,35.692715,67.859055,33.57344,75.476395,31.17772,81.94713,31.507729,88.28549,34.871574,81.2658,35.614296,74.4798,34.923058
15.364042,41.968445,18.293928,43.069893,22.111727,43.7734,24.680265,44.755653,20.778303,45.39062,17.429781,44.658077,43.58982,49.850887,50.269424,51.27845,56.78224,52.00106,63.389282,51.595234,55.75763,54.143246,49.44436,53.148624
26.899797,44.08954,33.25286,45.090004,38.708183,44.582863,44.18344,43.478004,38.491074,45.646103,32.657608,45.782486,69.007866,43.797333,75.57413,44.992325,81.22372,46.155815,86.85948,45.903458,80.582855,47.465805,74.60271,46.877083
15.527103,36.014908,22.667,37.17067,29.657318,37.33275,37.144352,37.22439,29.638004,39.87377,22.618488,39.995575,66.519,36.664047,74.13251,36.477203,80.82123,36.338493,87.71683,35.357483,80.91527,39.163025,74.31592,39.430435
23.44979,33.937145,25.334425,31.77509,28.109106,32.141693,31.500357,34.039265,27.97695,34.402348,25.647776,34.469467,49.148895,35.058147,53.32344,32.493023,58.17933,33.509975,63.92511,37.456646,57.487274,36.91748,53.187042,36.40303
33.709316,34.881683,38.809242,39.73209,43.457,43.292255,48.22517,46.51559,42.054386,43.7106,37.35864,40.21659,67.44664,62.307346,72.95102,67.76882,77.25504,72.001495,81.28946,74.1446,75.36122,71.69475,70.99921,67.61832
19.978252,50.190357,25.319237,48.990166,31.007591,47.898117,37.374096,48.22235,31.424595,50.358753,25.586262,51.475258,61.018135,45.51452,66.991486,43.799545,72.742905,42.773506,78.51821,42.021946,73.20124,44.937744,67.31759,45.764843
32.46574,39.74238,35.85531,41.819973,39.15793,43.5824,42.026665,45.279663,37.728165,44.509796,34.755646,42.88319,58.65654,55.555756,63.644775,58.290966,67.55185,61.612347,72.40509,64.42454,65.26588,62.16583,61.35269,59.430973
17.994394,27.622852,24.404299,28.443153,31.182596,27.237312,38.945488,26.214691,31.743845,29.450039,24.702581,30.354141,67.5794,24.362282,74.995766,24.592346,81.9732,25.552998,89.32039,24.426788,81.73692,27.873756,74.51507,27.424225
22.203274,41.018757,29.12748,39.72648,35.042618,38.890438,41.636623,39.676025,35.53438,40.79587,29.707523,41.434505,66.08848,39.460754,72.508865,38.90864,78.05057,39.53572,83.63627,41.028633,77.8202,41.2222,72.19647,40.48848
17.425001,58.02556,20.994646,56.25418,24.938055,54.909523,29.66749,53.286823,25.270567,55.773575,21.406649,57.306026,51.195526,45.949913,56.406693,44.411682,61.511612,43.297043,67.683464,42.278152,61.781303,44.738922,56.760628,45.84278
21.33084,41.887352,27.770899,41.248913,33.822937,39.890057,40.67507,39.011814,34.537636,41.7645,28.497217,42.948032,68.46581,36.41599,74.88651,35.740414,80.97083,35.94175,88.07657,35.260784,81.18056,37.54404,75.028275,37.81518
17.494747,36.933132,23.530525,38.144848,29.817696,37.677177,35.854515,36.92748,29.994484,39.271996,23.546165,39.544376,60.635307,37.568172,66.606995,38.897926,72.284615,39.428024,76.810555,38.98689,72.44492,40.865276,66.59371,40.23689
29.187931,51.40267,33.725044,49.508507,38.09098,48.288063,42.1846,47.394314,37.880978,48.662758,33.461548,49.703712,63.98045,42.909687,69.17346,42.05083,73.48677,42.02265,77.59137,42.29008,73.06741,42.590157,68.73135,42.818
26.420818,50.033783,34.159874,48.626213,40.733833,46.76551,47.3297,45.92081,40.924057,49.248352,34.302338,50.945076,71.8691,40.014668,78.275734,38.580746,83.95633,37.747276,89.08651,37.189503,84.1289,39.87865,78.42021,40.60733
26.924341,48.826767,32.512733,49.52115,38.307495,49.816658,44.0794,50.659172,38.07679,51.925133,32.150513,51.6558,65.56815,52.279945,71.33543,51.770523,77.31259,51.90841,82.86563,51.475655,77.645386,54.246353,71.73382,54.173958
39.79839,60.68007,46.0772,59.2221,51.26465,56.647324,57.14149,53.928566,53.415375,58.21093,48.03923,60.818275,72.833046,43.859943,76.86959,42.127388,80.35094,40.06598,83.3132,38.021767,81.77099,41.198654,78.385155,43.19343
16.43309,28.803413,23.771477,27.955631,31.079086,27.537907,39.204082,26.959736,31.753494,29.631836,23.884884,30.48145,69.993195,26.316132,78.765335,26.83189,85.874756,27.560558,93.5311,28.356686,85.7894,29.799427,78.03989,28.84808
6.2886047,45.275234,10.349659,45.497314,15.031853,44.93687,22.278862,43.617645,15.4491005,45.705944,10.788013,46.37216,48.651417,41.8406,56.405354,42.883915,63.520008,42.749077,72.25116,40.359905,63.999905,43.205143,56.85882,43.477264
36.014668,52.275673,42.51495,53.46399,48.454227,52.788567,54.87706,51.409386,48.847694,53.40973,42.85891,54.038948,75.72468,50.286163,80.91709,50.729164,85.71021,50.61566,90.2429,49.850357,86.12473,51.159843,81.43169,51.173218
41.626602,41.433434,48.313477,42.401764,54.151413,43.31272,59.294334,45.981956,53.376465,46.434376,47.57538,45.094574,79.85718,52.41407,85.333015,53.660484,89.9217,55.557285,93.011536,57.756588,88.94445,58.2464,84.380806,56.31087
19.925743,43.03443,23.244003,42.346268,26.9595,41.15113,32.495262,40.529343,28.578823,43.45693,24.709827,44.528313,48.56927,37.476273,52.45264,36.32949,56.06863,35.33337,60.9344,34.138912,56.79114,37.24105,52.949795,38.222702
22.478529,44.252617,28.351364,44.6087,34.517097,44.002388,41.414127,43.82549,34.99334,45.941277,28.614185,46.396503,65.444115,43.28185,72.09308,43.969906,78.234314,44.01757,85.03911,43.58479,78.39278,45.63145,71.96886,45.363503
19.35711,36.531166,27.048317,37.19839,34.22242,36.532967,41.19322,35.782967,34.43601,38.37164,27.251427,38.99396,70.28142,35.515285,77.62352,35.687782,84.60976,36.512802,91.95891,35.525166,84.24745,38.376045,77.25,38.1041
26.646318,53.25054,32.195435,53.26883,37.71306,52.626526,43.04039,53.10476,38.063614,54.64663,32.477516,55.01127,65.22143,53.37474,70.52627,53.041748,76.113335,53.567482,81.96885,53.980476,76.07977,55.506256,70.31223,55.206192
37.31024,53.678833,43.12166,50.07497,48.639084,46.15008,54.679985,43.031292,51.05612,49.34075,45.38099,53.06908,70.72675,30.147598,72.40233,27.076809,75.56183,24.35478,78.516525,23.204885,78.24294,26.885227,75.181465,29.369211
15.915976,52.58609,20.42721,52.625565,25.36543,51.491432,30.577917,49.92773,25.568316,52.841873,20.713129,53.804314,52.779663,47.119816,59.803,47.527615,65.952354,46.81012,72.84588,44.14579,66.263016,47.904408,60.212547,48.637253
20.61963,59.039513,26.444677,57.55934,32.129738,55.187405,38.042435,52.74846,32.68042,56.451935,26.869123,58.46942,63.094025,46.869785,69.800896,45.9999,76.022095,44.884262,81.8216,43.4198,75.732185,45.997955,69.52706,47.152657
26.607044,48.690384,32.257988,48.261826,37.8408,47.058033,43.70208,46.18774,38.098152,48.044456,32.591454,48.993484,65.38122,45.356953,71.097435,46.628815,76.49382,47.18899,81.98337,47.264683,76.37381,47.95747,71.02485,47.260944
31.661728,41.834675,39.10364,45.986916,45.560852,47.287407,51.901928,46.87407,45.221016,48.042374,38.556698,46.7232,73.42906,52.5427,79.66832,55.426235,85.03868,57.22566,89.98978,57.25466,84.66212,58.230927,79.0469,56.3784
45.958405,30.755192,50.67492,34.834187,55.0307,38.74587,59.484352,42.079464,53.65486,39.62855,49.10568,35.86108,79.62732,57.59099,84.01312,61.781403,88.15393,65.73039,91.311356,68.19765,86.514175,66.49439,82.58502,62.613297
18.291895,36.646786,24.952204,38.63426,31.219557,38.183075,38.59883,36.26057,31.520327,37.579712,24.896994,38.03443,67.64034,36.149063,74.53608,37.275265,81.13848,37.424446,88.950905,35.89084,81.495125,37.533756,74.64191,37.36661
27.044277,38.983994,34.698524,42.90876,41.781914,44.589455,48.73039,45.95881,40.806164,47.011147,33.88612,44.880608,71.500015,51.141525,77.72292,53.61003,84.06513,55.47408,90.85917,55.28373,84.03056,57.356533,77.63871,55.666435
34.483658,48.397274,40.04183,44.890015,44.881718,42.01714,50.46911,40.90082,46.826893,44.554455,41.701927,47.37825,66.12857,31.318329,68.77597,28.495749,72.135086,26.947365,75.52294,26.983088,73.66949,29.472546,70.29049,30.920458
21.714642,44.996426,27.74004,44.641468,34.263485,43.833637,41.554626,44.11299,34.90191,46.21514,28.23164,46.85554,66.75181,43.64027,73.66722,43.91802,80.115685,43.929768,86.97446,44.173622,80.1622,45.882156,73.5181,45.58529
26.583673,51.48362,32.53696,51.70266,38.066494,50.35321,44.160625,48.650284,38.895237,50.776337,33.303734,51.944595,64.926735,47.965614,71.468,50.593567,76.87509,51.20009,82.26087,50.191124,76.59288,51.148514,71.1895,50.47027
19.19378,54.559742,22.706633,51.685646,26.836725,50.05099,32.648438,50.467533,27.795034,51.980503,23.620108,53.24017,55.42842,46.116776,61.000595,44.406597,66.0981,43.868523,72.57673,44.62052,66.65679,45.210865,61.524254,45.644283
20.32111,20.535954,27.92814,23.447525,34.868675,26.153282,41.344048,30.940674,33.032925,30.008987,26.084183,26.969368,66.38974,42.720573,74.74683,44.598473,81.99552,47.68537,89.07856,51.09787,80.55181,51.301666,73.0715,48.136696
20.983488,18.716183,28.231249,19.21717,35.776947,18.513397,43.16211,17.874935,35.64843,20.94946,28.205076,21.736614,73.8618,18.505833,81.107895,19.023964,88.162384,19.4762,95.41547,18.321114,88.280685,21.464664,81.036095,21.379997
21.992306,40.078243,29.751732,42.90445,36.745304,43.29202,43.3369,42.47886,36.438805,45.64901,29.069027,44.993423,73.63566,43.559437,79.924675,45.329277,85.45668,45.940033,90.39125,43.863052,85.291595,47.69716,79.42942,47.294487
25.475391,49.842743,31.114388,48.87555,37.26842,48.515778,42.85063,49.422333,37.343853,50.726837,31.338306,50.95568,66.03915,49.871372,72.009964,49.257168,77.859024,49.676075,83.28752,50.950157,77.7996,51.54018,71.93515,51.030907
45.430435,42.021095,51.005,39.707573,55.825706,38.306355,60.20484,39.253723,56.2969,41.023018,51.68095,42.15246,76.23579,36.032974,77.990074,35.046825,80.721146,34.37151,82.20506,35.263554,81.16122,36.95675,78.64838,37.17405
20.89536,59.267185,25.654257,56.164696,30.457281,51.830868,36.787216,47.519444,32.422485,51.779335,27.542555,55.96687,60.468437,32.239723,65.516785,29.432165,70.90548,26.447805,77.288506,23.57467,72.00148,26.51074,66.76954,29.326054
25.069855,49.138832,30.347652,48.867332,35.70225,48.23195,41.194935,47.883163,35.800106,49.655563,30.551197,50.16913,66.26459,47.061905,72.16465,47.194435,77.43625,47.397686,82.70986,46.96151,77.32436,48.601837,72.11172,48.57775
25.403042,45.84094,31.774296,46.5947,37.560345,46.35611,43.21575,46.303917,37.35809,48.78951,31.658455,48.739193,67.748146,47.63607,74.84145,48.585457,80.6443,49.4866,86.2853,50.023197,79.95984,52.102352,74.02146,51.26893
21.493328,44.364864,25.274206,46.181797,28.948124,47.114254,32.947502,47.645298,28.21888,47.642612,24.84835,46.794304,48.817535,52.391865,53.92723,55.105194,58.85416,56.960407,65.832634,57.810738,58.13596,57.758396,53.231052,55.965523
34.15177,45.517685,39.429615,48.3135,43.956085,49.888153,48.02115,51.352684,43.143837,51.933784,38.273468,50.45101,68.65887,54.474945,74.4484,54.19783,79.02153,54.44893,83.195984,53.34413,78.48275,56.993294,73.5022,57.133537
29.377562,28.315344,35.98301,30.72999,41.506393,33.71746,46.051926,37.499092,39.935474,35.454254,34.450123,32.28695,66.22361,52.649628,72.82506,57.530823,77.72893,62.61875,81.917816,67.43697,75.33391,63.44162,70.105545,58.320045
21.683617,46.65895,27.482574,46.83892,33.67855,46.02775,40.220974,45.506336,34.227028,47.921383,27.80745,48.53547,66.40463,44.925472,72.495384,45.145878,78.734795,45.332195,85.30475,45.0401,79.1425,47.120014,72.66466,46.88906
38.695446,38.40672,45.905003,38.370575,51.792088,37.792027,58.433655,37.98381,52.13908,40.183758,46.119743,40.293694,85.357315,39.301098,90.73672,39.98387,95.074196,40.371002,99.57716,40.208786,95.21334,41.701218,90.88419,41.308086
33.793755,45.794575,41.011013,46.035477,46.719738,44.930367,53.657024,44.111523,47.389412,47.57536,41.2304,48.368317,79.32388,39.47326,85.279465,38.12647,89.78587,36.739723,94.46145,34.997818,90.525024,39.445446,85.44719,40.61832
26.427868,46.217915,32.514233,47.454445,38.466827,46.62551,44.37496,44.76508,38.725677,47.4442,32.751747,48.396706,66.868454,43.969307,73.36144,45.56813,79.256134,45.801548,85.31437,43.612278,79.52419,46.32479,73.64257,46.355663
24.518085,49.88306,31.179722,49.932762,37.368492,49.06806,43.671326,48.53289,37.555893,51.271713,31.23711,51.86835,67.71296,47.03962,74.416214,47.268578,80.25294,47.432114,86.09789,46.900173,79.99673,49.18401,74.0128,49.045956
23.083578,53.529152,30.055452,55.313145,36.008217,54.62571,41.95117,52.396843,35.954643,55.65246,29.829771,56.38395,65.33975,50.635746,72.30195,51.676056,78.88328,51.809723,84.55872,48.785423,78.33967,52.879356,71.81312,53.039314
25.867928,47.236137,31.481243,47.12248,37.46415,47.2694,43.85074,48.45679,37.340878,49.097862,31.236202,48.82529,65.992226,50.666977,72.64017,51.723454,78.3866,52.971966,84.09223,54.05635,77.82088,54.012722,72.013,52.852654
28.0608,69.432396,28.925425,67.09691,30.79648,64.09954,33.338867,60.674244,32.38172,64.94063,30.722937,67.63005,44.755035,46.445984,46.832047,43.207127,50.38495,39.21443,54.730484,34.088997,52.04168,39.89072,48.664,43.844658
18.648045,29.66708,21.279919,28.013664,26.05133,27.44666,32.43285,27.011936,27.036346,30.200386,22.427872,31.080639,55.829563,26.128922,61.427097,25.98584,68.36746,26.077839,77.6756,24.585518,69.03548,28.015514,62.018154,28.300861
27.045311,65.66884,31.432053,62.95438,35.7909,60.06186,40.90373,58.464928,36.599983,61.895966,32.23676,64.30225,62.26306,48.355156,66.8401,45.195087,71.84294,43.041084,77.53218,41.30467,72.95131,45.00265,68.083084,47.120792
18.78022,54.60582,20.502033,51.68998,24.38934,49.838783,28.998508,49.265022,25.748978,51.940598,22.297283,53.879917,46.99943,41.172096,50.697567,38.61474,56.285053,36.700745,63.053516,34.67038,57.408443,38.183758,52.10004,40.234406
25.238556,52.210136,31.341682,51.01741,37.235374,49.697075,43.42087,49.56955,38.095177,51.43358,32.071953,52.302757,65.05159,49.309196,71.236374,49.211792,76.90947,49.63697,82.84625,50.342106,76.75816,51.14753,71.01286,50.868553
41.256645,36.308548,47.131195,39.3058,51.847763,42.279278,55.580833,45.70752,49.912365,44.34994,44.99714,41.37914,75.38838,56.512104,80.9496,57.83958,84.940346,60.52223,87.55093,62.948154,83.465744,62.801037,79.24105,60.31255
22.683374,41.66561,28.625425,42.68034,34.748795,42.42962,41.34442,42.370975,34.454613,44.21583,28.104406,44.410618,65.199814,42.543877,71.967316,42.660267,78.455215,42.693058,84.910286,40.990833,78.58543,44.002987,72.18669,44.011986
12.964123,29.283777,20.183052,31.508757,28.674938,31.487951,37.72626,30.498186,28.885502,34.8416,20.42627,34.962296,70.73355,30.66987,78.21518,31.400202,86.19986,31.382772,94.493774,29.46387,86.85913,34.68251,78.53821,34.769463
31.69474,36.31304,36.55246,39.156773,41.289043,42.02476,45.52958,45.019527,39.9292,42.87927,35.229656,40.0682,63.74531,57.721424,69.62276,62.32034,73.97445,66.58249,78.0537,69.88186,72.59192,66.84034,68.31244,63.139652
31.620726,42.892082,36.781002,48.310528,42.62074,51.02772,48.228905,51.82177,42.034935,52.35788,35.94883,49.85101,65.166595,60.29715,69.91333,64.56548,74.61278,67.42221,80.36003,67.136,74.187836,68.23252,69.26039,65.65344
20.877396,53.826546,24.18612,52.91042,28.33902,51.773567,33.00977,50.96564,29.052078,53.11864,24.732727,54.245827,54.13255,48.901024,58.51685,49.19212,63.339077,49.55452,68.45289,49.491493,63.69602,50.675034,58.834507,50.59349
23.171604,23.473293,31.501083,26.047428,38.779297,26.20726,46.59784,24.707996,38.441017,27.35656,31.088963,27.366333,75.18223,26.525402,82.7844,28.695179,89.740845,29.852554,96.90308,27.77747,89.804184,30.891903,82.687164,30.41771
12.287613,58.48537,15.251896,55.969955,20.376404,52.66636,27.326408,49.511875,22.38163,54.34161,17.585335,57.86824,50.147835,32.62938,54.770317,27.794252,60.667168,23.696442,67.152336,18.458675,63.34539,26.06953,57.53058,30.244831
27.140385,46.228218,32.96711,47.224678,38.378006,46.793503,44.74228,45.93019,38.437885,47.32598,32.93236,47.821663,67.93086,46.139687,74.42085,47.72281,79.664734,47.865807,85.366005,46.64695,79.45059,48.312973,74.12268,47.953835
30.237072,47.21202,36.29208,49.198963,41.526947,48.39277,47.30976,46.193825,41.7643,48.216713,36.200455,48.802666,66.19333,46.220737,72.493774,49.028854,77.75142,49.666523,83.049515,47.517014,77.54698,49.1895,72.35537,48.548866
26.463541,49.358162,30.91845,49.78988,34.945343,49.6281,38.941566,49.371407,34.56961,50.130196,30.486996,50.362137,59.500973,48.414696,64.49846,48.884224,68.70357,49.04884,73.05115,48.412804,68.20227,49.762638,63.862858,49.6642
24.813362,32.832928,31.004341,33.83283,37.184036,33.05232,43.693256,31.74341,37.221485,34.363644,30.922085,35.35304,66.317276,31.088652,73.36068,32.390728,79.12617,33.162056,85.13429,32.01607,78.98182,34.456398,73.09922,33.822453
20.565826,66.53418,25.681728,64.05012,31.014282,60.85333,37.13168,57.467274,32.151283,62.32257,26.879772,65.41796,59.70291,45.226357,64.2632,42.558937,69.400116,39.902218,75.96571,36.70353,70.81829,41.520626,65.56398,44.278786
24.657562,50.83255,26.257763,50.216156,29.453655,48.9312,33.363167,47.386646,30.38961,50.13993,27.472664,51.562866,52.497604,45.18415,57.32602,45.595825,63.284767,44.808407,70.253426,41.49971,63.924896,45.799583,58.345985,46.775154
26.529774,48.555473,32.053284,49.137722,37.701084,48.598328,43.611015,48.15515,38.01464,50.20363,32.09399,50.669716,65.395706,45.94065,70.25847,45.39413,75.82334,45.120293,80.47848,44.2753,76.11345,46.89784,70.516396,47.18052
18.161524,25.872149,25.22095,28.423742,32.703705,27.543814,40.95836,25.096495,33.35389,27.89395,25.4177,28.660337,66.93988,25.977102,75.922386,29.239916,83.234886,30.370382,89.760895,28.049559,83.18007,30.54632,75.68544,29.69007
35.200825,36.47831,37.45594,37.76416,41.056664,39.034386,45.80576,40.953117,41.410122,40.76051,37.799423,39.489315,64.6853,52.41078,68.55519,55.32358,73.23984,57.1354,78.62538,58.299187,73.22394,58.55421,68.5575,56.51819
25.28334,51.1575,30.719341,50.38356,36.348343,49.472824,42.55342,49.425804,36.924034,50.93898,31.285217,51.624306,66.41333,49.11487,72.3893,49.85807,77.80369,50.33024,83.21825,50.97242,77.70962,51.722855,72.314674,51.116585
24.813362,32.832928,31.004341,33.83283,37.184036,33.05232,43.693256,31.74341,37.221485,34.363644,30.922085,35.35304,66.317276,31.088652,73.36068,32.390728,79.12617,33.162056,85.13429,32.01607,78.98182,34.456398,73.09922,33.822453
27.42149,47.686543,32.75922,43.78715,38.847492,43.063713,45.384407,45.42508,39.48874,47.36474,33.43061,48.155857,69.90753,45.26301,76.42322,43.445618,82.676834,44.158684,88.81846,47.52432,82.6276,47.92627,76.54555,47.464584
24.586357,27.584377,26.713882,27.515053,29.604456,29.225704,32.30145,31.586498,28.249302,31.345959,25.36762,29.991764,51.498978,42.441746,56.72519,44.21094,61.431877,48.188015,67.5968,52.411663,59.807053,50.09405,54.742027,47.089336
21.485828,37.908787,27.202805,37.903374,33.30487,37.07855,39.717056,36.47281,33.664547,38.645073,27.605446,39.389713,66.78684,36.526276,73.75154,37.676502,80.20174,38.701256,86.24287,38.40175,79.82251,40.01538,73.21589,39.215187
25.464537,49.387726,31.310051,50.063667,37.29112,49.44886,42.943092,48.489586,37.113132,50.515205,31.055275,51.027084,66.06035,47.52957,71.9939,48.436745,77.758965,48.90931,82.96949,48.08142,77.7994,49.643074,72.050934,49.471756
29.562958,49.974716,34.733673,49.250618,40.24273,49.052525,44.61557,50.09767,39.96959,51.05226,34.60475,51.226616,67.959435,50.433075,72.58951,50.154648,77.51743,50.62178,81.557335,51.480003,77.42526,52.512634,72.60614,52.153015
29.936558,43.858887,35.912964,43.94581,41.748894,43.34279,47.69917,43.254295,42.020466,44.672707,36.121647,45.25508,69.007935,44.016273,75.317085,44.942604,80.836754,46.046402,85.92912,46.64676,80.33087,47.235054,74.718376,46.22223
34.691708,48.18846,41.16527,49.733715,47.44596,49.923107,54.21379,49.546204,47.603554,51.265762,40.984337,51.130753,78.32349,50.92603,85.25378,52.0049,91.16507,52.750443,96.69568,52.389236,90.99819,54.247192,84.946075,53.489697
15.700071,48.819073,18.92954,49.15626,23.411219,49.011723,28.10301,48.13855,23.5025,50.497604,19.146807,50.76864,50.60579,46.876038,56.291763,46.244347,62.146347,46.202126,68.526474,45.65554,62.48999,47.988834,56.63513,48.39492
26.06875,50.547745,31.055279,50.16432,36.466007,49.381447,42.67136,49.221832,36.85923,50.544144,31.248932,51.19741,63.88016,49.26699,70.38851,49.676292,75.9285,50.253204,81.44561,50.373505,75.51835,51.22065,69.868675,50.668358
23.711853,48.70363,30.345005,50.342663,36.43971,49.868446,42.535645,48.358997,36.351646,50.801296,29.970562,51.188316,69.51858,48.127045,76.27401,49.174843,82.09088,49.0665,88.16428,47.68591,82.30352,50.284317,76.024254,50.309464
23.263702,49.335114,29.44803,47.687286,35.428978,46.369373,41.96685,46.776943,36.076096,48.62093,30.009577,49.57748,63.26837,46.629147,70.04441,45.60147,76.21072,45.805706,82.50767,46.80695,76.12604,47.870823,69.93626,47.66778
35.47126,52.097443,42.552925,51.1779,48.596508,49.703968,53.34078,49.24736,48.481697,51.670586,42.499294,52.94059,72.915245,46.699097,78.52606,45.799297,83.406555,45.07801,87.429924,44.757137,83.72855,46.98163,78.952515,47.362694
19.63329,42.96135,25.899689,43.34348,32.67462,43.010185,39.2869,42.162434,32.66991,44.898552,25.910591,45.16514,67.509514,41.9768,74.00665,42.279514,80.57085,42.197716,87.79888,41.353245,80.909294,43.972332,74.296394,44.10719
25.071245,45.809753,31.516985,49.126175,37.08887,49.72164,42.992176,48.01754,37.11639,49.437164,31.263088,48.938644,67.68148,50.61869,74.791985,54.567993,80.29015,55.549507,85.57776,53.042236,80.21263,55.027023,74.256294,54.272446
6.0851936,35.049446,8.752239,36.555107,11.676613,37.46726,15.179016,37.97966,10.968346,38.362885,8.068169,37.65405,38.32791,43.089893,44.197273,44.21155,49.972374,44.611477,57.49311,43.235764,50.063744,46.044693,43.91378,45.80718
28.57653,45.890694,35.230804,47.79248,40.405384,46.96501,46.323948,44.674583,40.648724,46.607384,35.000645,47.286797,64.488266,44.640446,71.34371,47.604362,76.80694,48.27137,82.28844,45.878952,76.68927,47.4646,71.09358,46.908043
19.574368,58.256706,23.140636,58.01236,28.090248,56.584793,33.873413,54.90905,28.747246,58.231518,23.764492,59.60091,52.89065,49.793137,58.73541,49.00547,65.00914,47.651554,71.69406,45.369442,65.91055,49.59926,59.807384,50.88276
16.409748,33.446877,24.278275,32.578506,31.96545,31.464788,40.816628,30.609259,32.343018,33.12053,24.358326,34.344017,66.97226,29.026323,76.005356,29.165956,83.68744,29.990007,91.69737,30.716349,83.56828,31.990118,75.38005,31.202318
26.967915,57.354984,32.32675,56.67575,36.794052,55.08148,41.420456,52.914597,37.43629,55.838444,33.11313,57.260128,63.541847,46.718884,70.17486,45.994587,74.711525,44.624336,78.425026,42.704754,74.33612,46.07378,69.63218,46.9345
29.63448,39.137745,29.89544,40.36525,32.00503,40.879814,34.325462,40.04671,32.15892,40.78143,30.345152,40.47311,51.955006,46.418034,55.863575,48.88724,60.678524,50.19878,67.36739,50.34203,60.72925,50.53976,55.86582,49.238796
20.526834,43.57059,26.96158,46.18721,33.902443,46.119946,41.307533,44.101097,33.741257,47.329556,26.56843,47.38408,67.632545,44.06583,75.849976,45.296185,83.01254,45.418472,89.48408,42.998627,83.08787,46.991673,75.79868,47.04718
23.85328,46.00774,28.624079,45.74236,33.844948,45.307346,39.375305,45.5882,34.162075,46.64415,28.989061,46.912144,60.558163,47.31764,66.09361,48.839577,71.353134,50.223167,77.0712,50.979263,71.07575,50.993702,65.87415,49.672825
24.711735,46.11705,30.275108,45.292305,36.364357,45.117558,42.164673,45.892647,36.46647,47.23752,30.422031,47.541176,65.26156,46.17302,71.02132,45.690033,76.62696,46.23156,81.94123,47.67746,76.21538,48.603497,70.60116,47.9497
25.012358,47.456078,30.793676,47.6208,36.6784,46.70981,42.76125,45.867027,37.056152,47.68376,31.212454,48.29555,67.93484,45.373074,74.29733,46.360672,79.895485,46.48857,85.977036,45.850246,80.03912,47.286472,74.161156,47.084984
16.40918,29.932901,23.417313,34.96386,30.743595,37.317116,38.878204,38.181297,29.856525,39.583603,22.34515,37.211205,64.84932,46.716072,72.36819,50.96821,80.48063,53.409492,89.60603,53.09024,80.015015,55.922455,71.59632,53.661087
28.842136,46.691486,34.006992,47.948227,39.15789,47.57991,44.373962,46.14815,39.154957,47.988235,33.992287,48.486275,64.91006,46.140003,69.830414,47.59517,74.90074,48.074192,79.57154,47.04263,74.70341,48.40947,69.66535,47.985527
21.350231,46.720943,26.66222,46.492146,32.81806,45.827595,39.473595,46.21355,33.302143,48.070972,26.941792,48.479603,64.70462,45.67646,71.20782,46.02774,77.48643,46.11814,83.700806,46.0939,77.56349,47.92414,71.058754,47.578346
22.476414,50.91308,28.888044,52.496662,35.070774,52.225246,40.954384,49.921024,35.05007,52.729435,28.849363,53.189472,62.0967,49.326912,68.32749,51.090073,74.39339,50.768173,80.755936,48.209206,74.531395,51.40493,68.531555,51.707672
44.660446,35.003887,50.007614,39.276447,55.05706,41.69564,61.191994,44.02406,54.692772,41.90362,49.395523,39.08782,78.58333,57.40866,82.89177,62.600037,86.34866,66.133965,89.670425,67.90302,85.37327,65.632835,81.9368,62.014435
28.291456,41.39981,34.21615,41.03481,39.75109,40.168633,45.792328,38.963886,39.745735,40.34979,34.36786,41.25258,67.53992,36.878426,74.454216,37.65394,80.2193,37.8708,85.66432,37.29237,79.73843,38.346916,73.95354,38.03037
28.901466,35.74815,35.207134,39.745625,41.23234,42.29205,46.571514,45.087875,40.16932,42.94206,34.367764,40.240654,66.45213,57.641056,73.08103,61.82198,78.43983,65.05843,83.83042,67.27978,77.50386,65.414085,72.13189,62.020466
38.812504,53.594,44.27149,53.010086,48.757877,51.159447,52.96458,48.85208,48.911316,51.792213,44.350468,53.57812,71.83588,45.105595,77.15491,45.06554,80.83101,43.957836,82.875114,42.40756,80.70845,44.67208,77.06541,45.48369
23.093742,48.912315,29.72165,46.988388,35.988247,45.58759,42.782875,45.879993,36.968235,47.8882,30.795078,48.730606,69.72739,46.770527,76.838135,46.530354,82.8939,47.560516,88.83825,49.989017,82.2501,49.8529,76.35213,48.87708
19.84837,50.08379,24.160666,51.244175,29.471601,51.41253,34.574516,51.753593,29.192244,54.335,24.104013,54.022133,55.21859,54.202644,61.507454,55.256577,68.21595,55.00502,75.46158,53.37716,68.568886,57.882935,61.82173,57.9542
20.465654,56.117584,26.683554,54.86634,32.510963,52.526283,38.88024,49.82689,33.114212,53.553238,27.192076,55.614075,63.21691,44.383453,70.47382,43.69698,76.635605,42.6835,82.3119,40.644592,76.280594,43.4172,70.16903,44.540993
27.067522,47.714073,32.97593,48.69075,38.49735,48.941223,44.337547,48.76319,38.533222,49.568123,32.888382,49.52143,65.976395,48.680916,72.64758,49.288635,77.92081,49.795776,83.06486,49.177116,77.59091,50.06951,72.25067,49.872528
27.099655,50.635883,33.17758,51.38659,39.250904,50.85301,45.373367,50.088257,39.376125,52.391796,33.337753,52.826065,66.963486,50.19382,72.94067,51.433987,78.67153,51.14662,84.51923,49.932484,79.08755,52.717144,73.26439,52.72522
27.005972,53.167606,32.51519,53.06212,38.027046,52.31317,43.94526,51.71894,38.442738,53.68969,32.754456,54.305424,65.19109,51.73221,71.31948,52.204086,76.90526,52.628586,82.8237,52.137455,76.842445,53.667023,71.25591,53.46113
38.78542,28.605907,46.3392,32.111923,52.37964,33.796425,57.97154,35.24768,51.68807,34.908173,45.320835,32.958366,78.18885,41.73011,83.745544,43.922516,87.78611,45.203278,91.110344,44.985638,87.15034,45.885727,83.194214,44.506
20.916685,31.17125,26.04162,33.63577,31.635553,34.84721,37.762856,35.709923,31.109426,35.7643,25.450405,34.554108,60.24642,41.77354,66.93966,44.313663,73.47211,46.397408,80.45047,46.53541,73.13921,47.4874,66.48272,45.723606
22.152039,32.957947,25.047504,32.20809,29.335281,32.00795,34.489025,32.82267,30.663368,35.530403,26.422306,35.547752,54.991837,31.020847,56.10138,29.542482,58.823936,28.624743,62.996964,29.917055,60.51142,32.524353,57.592354,33.29212
24.445679,38.414062,30.449718,41.815357,35.808144,43.915783,41.7361,45.04225,34.91755,44.700138,29.519276,42.814358,64.600494,52.759426,71.10298,54.647602,76.99251,56.23327,83.28905,56.635025,76.68625,57.176785,70.66552,55.73545
25.851017,38.938095,32.258667,39.79004,37.464985,39.97267,42.910633,40.979744,38.0316,41.09485,32.699425,40.787476,63.415447,45.32566,68.244606,46.512154,72.12743,47.73723,75.57394,49.53897,71.874275,48.97885,67.964775,47.84868
17.70314,27.5205,26.631462,30.422935,34.142384,29.994022,43.100723,27.252438,34.51672,28.938309,26.56334,29.475407,72.75245,26.803875,82.27642,29.224895,89.72582,29.682293,97.68257,26.355629,89.90706,28.767345,81.98477,28.567589
22.457142,35.33285,27.738594,34.80948,33.317173,34.153625,38.94068,33.52311,33.439392,35.327187,27.72916,36.128475,63.459904,32.852165,69.56401,33.37132,75.10263,34.055317,80.37705,34.40446,74.66917,35.2954,68.92554,34.689285
31.169598,43.23247,36.716614,40.490993,41.810863,39.192165,48.088894,39.939377,42.337627,41.50903,37.21375,42.418537,71.11231,39.49541,77.31012,38.703365,82.718,39.835926,87.53884,42.549816,81.85757,42.312298,76.40759,41.1477
21.552876,43.8232,27.979488,44.795795,33.956913,43.7325,40.84688,42.478497,34.57656,44.864628,28.489132,45.348072,66.61958,42.389694,73.581566,44.23374,79.57557,44.33005,86.370804,42.772297,79.6235,44.899715,73.3665,44.886757
21.99647,50.526863,26.563162,49.687637,31.609095,48.65014,37.226585,48.31344,31.857557,50.10425,26.766424,50.778038,57.226585,45.647305,63.42605,45.04552,69.00863,44.619644,75.36512,44.144295,69.133675,45.918556,63.5142,46.26143
28.888905,46.795593,34.331005,44.390476,40.02656,43.68553,46.32411,45.319416,40.786087,46.719505,35.243637,47.39259,70.687454,45.70662,76.70675,45.13555,81.89928,45.84082,87.279495,47.9972,81.9147,48.320435,76.701416,47.619205
27.854729,47.901115,33.482784,47.289597,39.333736,46.929848,45.140514,47.7101,39.234203,49.077736,33.554047,49.35522,64.341545,48.20436,70.62261,47.82784,76.12899,48.172226,81.61022,48.880432,76.27587,50.155483,70.838684,49.818653
22.633831,38.832733,28.576443,39.216106,34.692276,39.53796,41.261086,40.8121,34.74456,41.43018,28.388012,41.0841,64.9383,42.97085,71.94136,42.67954,78.386444,43.50634,84.895935,44.66286,78.15077,45.75879,71.55773,44.887394
22.457142,35.33285,27.738594,34.80948,33.317173,34.153625,38.94068,33.52311,33.439392,35.327187,27.72916,36.128475,63.459904,32.852165,69.56401,33.37132,75.10263,34.055317,80.37705,34.40446,74.66917,35.2954,68.92554,34.689285
30.733856,41.731743,34.233658,40.291615,38.429985,39.880318,43.071846,40.074287,38.79784,40.51069,34.696453,41.011772,64.60458,39.716198,69.83055,39.263706,74.17925,39.99344,78.33526,41.911087,73.744415,40.769073,69.44222,40.23905
10.902737,40.41875,15.305332,40.301743,20.45848,39.290405,26.704906,37.96839,20.75991,41.016903,15.779736,41.9569,47.84782,36.870323,55.2335,38.471794,62.448673,38.392567,69.88873,36.406017,62.304737,40.008625,55.15774,39.92834
27.171768,49.77562,32.283688,49.770508,37.407864,48.671516,42.75212,47.291714,37.675934,49.159363,32.643517,50.0839,64.4222,46.6929,70.17775,48.38188,75.18603,48.89396,80.12846,48.685593,74.87747,49.24073,69.95746,48.48725
26.537186,55.398308,32.10995,57.0315,37.715157,55.798763,43.20266,53.055687,37.850533,56.143986,32.166058,57.420746,63.25164,50.610085,69.62304,51.42251,75.7582,50.067802,81.73978,45.798252,76.14589,50.33723,70.11052,51.57687
26.80369,50.271957,32.316887,50.79467,37.95041,50.916958,44.06457,51.485485,37.961597,52.83352,32.3333,52.701008,65.43339,52.37821,71.37429,51.86661,76.862915,51.889996,82.538895,51.4872,77.14131,54.119545,71.583435,54.1176
19.180456,53.507416,23.97516,53.471413,28.720358,52.495358,34.1482,51.49143,28.983084,53.736786,24.09588,54.639786,56.301567,49.456177,61.442886,49.33855,66.97705,48.950485,73.45474,47.214478,67.48826,49.93666,61.92073,50.38794
30.09653,45.307083,36.42022,43.710922,42.436584,42.088356,48.33371,41.837677,42.523132,43.991013,36.43441,45.21095,72.24013,39.02716,78.4842,38.302673,84.12254,38.87684,89.63834,39.377285,83.80587,40.43345,78.0858,40.203773
18.983564,50.13227,21.070871,50.19021,24.692945,50.31331,28.170603,50.52691,24.629122,51.56591,21.15745,51.654488,48.021004,49.481438,51.64888,49.782795,56.18628,49.73475,61.68328,49.08587,56.138687,50.747345,51.620255,51.03302
22.262905,52.980858,28.29155,52.52865,34.229877,50.99814,40.12852,48.99267,34.221348,52.233536,28.407272,53.654644,65.34355,43.64456,72.20373,43.468464,78.21714,42.89434,84.06629,41.163506,77.893845,44.008163,71.868904,44.666466
31.344479,64.770775,37.30778,63.181732,42.662655,60.7089,48.662785,57.43658,44.075733,62.678207,38.544212,65.311226,72.54706,46.343563,77.90022,44.075592,83.198364,41.492985,88.22951,38.649826,84.44841,43.627697,78.92351,46.064857
21.485828,37.908787,27.202805,37.903374,33.30487,37.07855,39.717056,36.47281,33.664547,38.645073,27.605446,39.389713,66.78684,36.526276,73.75154,37.676502,80.20174,38.701256,86.24287,38.40175,79.82251,40.01538,73.21589,39.215187
22.339596,53.27169,29.02502,54.581665,35.524117,54.223946,42.14645,52.884872,35.37328,55.255424,28.776161,55.702156,65.30653,51.05841,72.215744,51.087433,78.91005,50.201473,85.1794,47.789265,79.4212,51.348953,72.72014,52.295372
31.03661,43.76406,35.81843,38.970695,40.376003,35.9955,46.20505,35.256336,43.130444,39.40569,38.42336,42.40387,66.74986,23.361742,69.6252,21.154455,72.73102,19.923601,75.00705,21.073524,73.8255,23.404774,70.73424,24.18874
12.263645,27.983528,17.861729,26.47678,24.255234,25.42384,30.548973,26.566048,24.425781,28.62555,17.952797,29.248344,63.357315,25.082378,69.40716,24.051796,75.94038,24.209068,83.05498,24.972912,76.4962,27.025513,69.247086,26.823582
27.953209,49.212826,33.76392,49.844555,39.40531,49.36317,45.323116,48.493263,39.746872,49.59992,34.058605,50.084515,66.59634,48.76506,73.03471,49.218094,78.75028,49.31335,84.3936,48.30589,78.817345,49.552784,73.09282,49.64532
29.772226,44.718822,35.119057,45.7373,40.3317,45.901024,46.000656,45.725033,40.21218,45.938488,35.10985,45.729763,64.50096,47.416306,70.62388,49.088696,75.853935,50.055637,81.37264,49.680046,75.584526,49.96534,70.232796,49.0818
31.014837,40.97158,36.504738,41.13353,41.833595,42.231655,47.094715,45.49519,41.21981,44.612587,35.768967,43.167217,68.33538,53.99742,74.20096,55.621223,79.18111,58.330395,83.7946,61.861744,78.17923,60.213055,72.94797,57.444157
30.129848,52.331886,36.17918,52.077297,42.006336,51.192963,48.016106,49.91227,42.182724,52.425926,36.489933,53.51301,72.34879,47.097973,79.12822,47.17592,84.201584,47.018547,88.38716,46.18328,83.88232,47.795784,78.74349,48.075516
28.195175,44.12966,33.31349,43.8879,38.568264,43.211174,43.71088,43.09868,38.417774,44.433815,33.15065,44.979248,65.46425,42.55355,71.59902,43.25058,76.67364,43.92121,81.30327,43.907906,76.28496,44.91752,71.1084,44.277977
18.244236,39.490585,25.465084,40.727367,32.766613,40.0989,40.767895,38.21264,32.77024,40.6239,25.44217,41.31419,68.80559,37.281853,77.072845,39.218967,84.05762,39.619923,91.37053,37.668446,83.87276,40.053837,76.82997,39.831844
24.389387,40.65765,29.775877,38.463993,34.76342,37.85203,40.71646,39.313232,35.20211,39.545933,30.179083,40.025257,67.124344,35.45181,72.396736,33.477646,76.977104,32.82757,82.83951,33.64672,77.275795,34.124626,72.527054,34.762875
25.74282,43.875145,30.42638,43.81356,35.18337,44.017677,40.405544,44.77039,35.066036,45.61288,30.266182,45.559155,66.09305,44.047264,71.51614,42.95208,76.088715,42.485672,81.17171,42.408974,76.11737,44.481567,71.447556,44.732258
16.8138,55.790512,20.248558,52.750153,24.374847,50.223198,30.272987,48.511913,25.949368,51.17015,21.5452,53.44211,52.291065,40.796825,57.99937,39.100307,63.14459,38.24725,69.4742,37.428646,63.44157,39.10376,58.09422,40.014465
38.582577,44.142483,45.007874,46.274826,50.841278,46.24541,56.8005,44.62972,50.58042,46.86263,44.565662,46.70663,79.09591,44.86719,85.13532,46.171825,89.85208,46.90535,93.26116,46.385838,89.34252,48.116013,84.24696,47.191074
18.01354,27.569853,24.67407,26.346128,31.48707,25.383677,38.93152,25.8174,32.00306,28.685892,24.963346,29.470564,71.47565,25.498377,78.90964,25.142714,86.39632,25.516153,93.69366,25.90404,86.31865,28.643965,78.8281,28.268187
25.029608,50.065952,31.68894,50.543144,38.365128,50.024036,44.569656,49.144672,38.348915,51.15718,31.636614,51.727474,66.42235,49.11184,73.022575,50.48863,79.09227,50.751667,84.524605,50.123425,78.78222,51.96861,72.703835,51.501434
19.15213,60.094364,20.846706,59.061295,24.957584,57.97231,29.550022,56.777824,25.760582,60.41087,22.021065,61.748566,49.941586,50.41352,54.455326,48.437443,60.526066,46.49672,68.10872,43.738346,62.02512,49.471485,55.983448,51.495415
20.422668,42.123253,26.451561,43.76724,32.75486,44.73513,38.930256,45.470474,31.983007,47.48915,25.886805,46.53509,65.73128,49.12911,72.84368,49.337925,79.55536,50.008156,86.09663,49.83741,79.51949,53.287697,72.7498,52.827057
17.525686,36.31975,23.60689,37.75218,29.512236,37.371243,35.706543,37.260685,29.05034,39.15023,23.270998,38.92841,66.05553,38.888607,72.798904,40.39899,78.73991,41.36976,85.362274,41.05204,78.2516,42.46164,71.955444,41.737495
26.39526,49.2455,32.391693,50.68736,38.52641,50.699844,44.701927,50.10689,38.64598,52.293503,32.273693,52.242897,67.21279,51.43847,73.35803,52.83269,79.2624,53.513977,85.096985,52.33271,79.26285,54.935654,73.27032,54.37453
14.254723,32.11511,21.000507,34.50818,28.478992,33.874054,36.33418,31.719128,28.810349,35.259666,21.307255,35.87177,65.319885,32.374218,72.8737,35.196342,80.28003,35.66598,87.93077,33.320152,80.7162,36.57962,73.15729,36.195908
39.803703,21.660845,47.175133,22.925085,53.387142,24.52894,58.42975,26.9255,52.510536,25.697058,46.325413,24.07739,85.03563,35.918304,90.87538,37.23217,95.64165,39.63633,99.309326,42.289375,94.58789,40.447304,89.903824,38.344955
29.746254,49.14255,35.70924,48.993774,42.172134,48.377174,49.269142,47.99325,42.706783,50.19628,36.1542,50.806576,74.47568,47.899826,81.04002,48.873837,87.41563,49.105427,93.95528,48.913136,87.601074,50.702805,81.05258,50.273643
16.785023,52.885937,18.935738,52.664215,22.634308,52.588737,25.561153,53.34433,22.410938,54.458267,18.93932,54.544193,46.075745,52.338295,49.848396,51.953568,54.42975,51.909378,59.485817,51.807793,54.45604,53.39006,49.979294,53.686142
22.262905,52.980858,28.29155,52.52865,34.229877,50.99814,40.12852,48.99267,34.221348,52.233536,28.407272,53.654644,65.34355,43.64456,72.20373,43.468464,78.21714,42.89434,84.06629,41.163506,77.893845,44.008163,71.868904,44.666466
17.240192,33.756496,23.074535,30.467709,29.599915,29.123886,37.232956,29.759842,30.463078,31.781609,24.162792,32.889572,64.8518,27.387566,71.73246,25.286442,78.82361,25.634106,86.51948,27.912788,78.8616,28.411526,71.815125,28.268757
21.281178,40.904263,27.342361,42.454987,33.51016,43.282066,40.402622,44.357628,33.438465,44.83177,27.118858,43.96939,62.98185,50.161266,70.2092,52.50396,76.423454,54.778904,81.93095,56.795452,75.2266,56.40203,68.868004,53.991283
34.502228,75.75098,39.352787,72.11054,43.14422,67.10318,47.123302,61.975437,44.588177,67.53755,40.734234,72.499275,60.70242,45.71669,65.621124,41.987633,70.3755,38.488853,74.14226,34.597538,71.576294,39.469994,66.93475,42.933144
25.720827,52.980255,31.676641,51.73459,37.776615,51.409492,43.285835,52.496937,37.850864,54.868423,31.518034,55.363285,65.06034,51.66069,71.12912,49.826534,76.85301,49.571533,82.06836,50.286255,77.173676,53.159264,71.33278,53.44741
24.297981,49.816475,30.664392,50.84651,36.69134,50.780052,42.36315,50.201706,36.70593,52.998116,30.748636,53.13648,62.979393,50.976418,68.82516,51.34395,74.23097,51.711956,79.303345,51.072006,74.4319,53.773186,68.93658,53.601387
17.526207,27.159683,24.221535,28.58966,31.174171,28.617496,38.948498,27.967575,31.1778,30.22694,24.062897,30.286514,66.55234,29.140247,74.53601,30.821144,81.88844,31.511002,89.76018,30.262753,82.075195,32.896847,74.4978,32.281433
27.091139,65.36181,30.723722,62.518353,35.35347,60.618565,40.477844,59.87244,36.611153,63.60286,32.202072,65.83499,59.568237,48.638103,63.577446,43.84678,68.49312,40.294453,73.42225,38.033653,70.39936,43.37662,65.70155,46.773643
28.195175,44.12966,33.31349,43.8879,38.568264,43.211174,43.71088,43.09868,38.417774,44.433815,33.15065,44.979248,65.46425,42.55355,71.59902,43.25058,76.67364,43.92121,81.30327,43.907906,76.28496,44.91752,71.1084,44.277977
18.58965,34.655663,23.178936,34.124657,27.928963,33.478363,33.26044,33.239197,28.184914,34.8724,23.449024,35.370834,61.95276,33.223732,67.97401,33.491676,73.359055,33.5903,78.87313,33.5167,73.167885,34.864784,67.79147,34.786156
33.204117,53.228516,40.356754,50.894188,45.150074,48.063797,50.86573,45.223724,47.28699,49.703598,41.98627,52.59153,72.63213,32.08366,76.8832,30.244333,79.97489,28.060616,83.43392,26.085285,81.40941,29.898588,77.76871,31.776728
23.633652,43.819115,30.79888,46.360935,37.483784,46.63555,44.667847,46.13202,37.510677,49.105724,30.526518,48.735443,73.536476,45.918747,80.64599,47.04063,86.46829,47.693325,91.76156,45.85152,86.26804,49.36581,80.012024,49.027294
23.68127,49.612007,29.862667,51.456894,35.623875,50.655193,42.696167,48.41938,36.40768,50.672443,30.512012,51.29259,67.12659,48.154648,73.93287,50.53482,79.646706,50.57703,86.63708,48.404274,79.62813,50.425385,73.8117,50.368614
18.44247,49.899185,21.50098,51.434723,25.456802,50.849747,30.812157,49.324425,26.024277,51.594566,22.02264,51.910076,51.794956,50.02308,57.366177,52.001804,62.999958,51.790207,70.15846,49.23094,63.366817,52.43656,57.44759,52.45423
23.598053,33.8152,25.317661,34.85874,27.802368,35.79271,30.53308,36.433548,27.152063,36.396416,24.888205,35.63887,44.415066,43.77968,49.34754,46.420578,54.292084,49.24964,61.18886,50.985184,53.0508,49.75277,48.1146,47.444916
21.276785,45.074913,23.15707,44.027294,26.663553,44.125824,30.41807,44.945137,26.898367,46.730072,23.728987,46.732796,48.182945,45.789898,52.07769,44.49405,56.567253,44.233047,61.804077,45.728256,56.609177,47.50193,51.91639,47.249294
40.40705,31.651428,42.11449,29.31969,45.184235,28.816454,49.15741,30.229223,46.436665,33.005733,43.445145,33.572533,62.729206,31.432825,64.51688,29.27643,67.16275,28.90025,71.63344,31.35251,68.08629,33.805283,65.2081,33.996735
24.208447,48.47626,30.005817,48.595623,36.62001,48.061,43.386337,48.0693,36.853767,50.810078,30.204964,51.059116,68.87989,48.349174,75.021904,48.580143,81.49026,48.72487,87.55203,48.538017,81.73914,51.293167,75.14701,50.997272
25.464537,49.387726,31.310051,50.063667,37.29112,49.44886,42.943092,48.489586,37.113132,50.515205,31.055275,51.027084,66.06035,47.52957,71.9939,48.436745,77.758965,48.90931,82.96949,48.08142,77.7994,49.643074,72.050934,49.471756
6.155525,25.140331,8.61948,24.75084,13.703308,24.193096,19.71989,23.342567,14.606876,26.248737,9.82729,27.199749,41.412983,23.616318,47.38242,24.070644,54.948353,24.183098,64.084595,22.84993,55.429943,26.135319,48.19486,26.277348
22.328255,34.657722,28.791077,31.735865,35.14004,30.902334,41.823395,33.48085,35.39169,34.463894,28.967949,35.116627,68.32373,32.84049,75.72207,30.710772,81.88251,31.022676,88.026184,34.145195,81.103035,34.73531,74.62136,34.021854
26.607044,48.690384,32.257988,48.261826,37.8408,47.058033,43.70208,46.18774,38.098152,48.044456,32.591454,48.993484,65.38122,45.356953,71.097435,46.628815,76.49382,47.18899,81.98337,47.264683,76.37381,47.95747,71.02485,47.260944
17.6723,47.7205,21.939665,48.01182,27.047396,47.803787,32.292465,48.041794,27.184824,50.359436,21.921408,50.39077,54.207367,48.756718,60.190483,48.81037,66.61726,48.796898,73.56981,47.51336,66.966446,51.44687,60.411346,51.6223
24.34214,49.929726,27.34311,47.805134,31.204735,47.536343,35.00928,49.868507,30.94888,50.857586,27.247242,51.009827,53.74965,49.044662,57.58537,46.556835,62.018444,46.392105,66.61726,48.033264,62.19804,49.76101,57.851727,49.910553
10.330338,37.92884,18.732227,42.941307,26.648937,43.20865,35.729706,39.47779,26.41158,42.709435,18.127056,42.709373,65.38904,38.919464,74.534386,43.20942,82.44022,42.92778,91.12658,38.354256,82.31339,42.517662,73.92691,42.537415
27.238787,47.21608,32.003624,46.21735,37.136986,45.606815,42.853447,46.213543,37.738815,47.54657,32.554207,47.917404,62.61911,45.84974,68.128456,45.39828,73.39068,45.686695,79.354774,46.331284,73.45211,47.550316,68.03596,47.334103
21.537846,45.10652,28.19218,47.43685,34.62857,47.64984,41.268093,46.165462,34.07756,49.391647,27.396496,49.32154,65.36427,44.337353,72.58772,44.53568,79.13005,44.529026,85.31355,42.634396,79.04353,46.698566,72.34593,46.996548
24.802382,48.231842,31.289469,46.873287,37.98251,45.88302,44.394123,46.775867,38.522305,47.958107,31.759993,48.50463,70.41596,46.725193,77.370575,46.29094,83.76463,46.685425,89.86955,47.97992,84.02244,48.34779,77.48489,48.01681
35.604744,35.33244,38.553032,37.49299,42.1369,39.314754,45.991795,41.77267,41.16373,40.68979,37.762703,38.89849,63.976704,53.123272,67.95041,56.078625,71.772354,59.245083,76.58533,61.771564,70.523544,60.029644,66.80171,57.224422
28.191984,47.59894,33.85328,46.46839,39.559536,45.55762,44.983887,45.947968,39.700768,46.93859,34.051865,47.539913,66.71415,44.875122,72.14938,44.410217,77.2386,44.571217,82.44935,45.487217,77.44587,46.004166,72.20175,45.702415
26.313581,46.98335,30.21581,45.465267,34.278057,44.767048,38.789345,45.006474,34.43661,46.251667,30.467157,46.678528,61.6158,45.02376,67.38837,45.176067,72.086,46.0144,76.45123,46.873623,71.54355,46.94662,66.77687,46.319466
17.874203,28.257065,24.830536,31.637707,31.894398,32.280525,38.733208,31.467579,31.369778,34.141827,24.067394,33.462173,68.59128,32.886154,75.88762,33.523552,83.097595,33.35825,90.06166,31.108688,83.52663,35.76301,75.95888,36.08001
25.560406,46.469738,31.210674,47.638714,37.02295,46.396175,42.839333,44.21013,37.173176,47.41574,31.366695,48.527237,64.43981,42.590908,70.54709,44.142254,76.36737,44.586422,82.08766,43.058643,76.39628,45.259983,70.63145,44.911625
22.59322,48.071983,28.405355,47.750397,34.725666,46.97903,41.48651,47.092728,35.165768,49.23614,28.632307,49.7242,65.71485,46.48082,72.68256,46.707203,79.06434,46.865334,85.33105,46.924995,78.98357,48.78375,72.45162,48.50245
31.534746,40.097733,36.964165,41.529793,42.353218,42.46591,48.45929,43.6493,42.147903,43.883904,36.648964,42.88169,74.67268,52.16343,80.87103,55.280243,86.2386,57.823425,91.78871,59.47792,85.53927,58.464027,79.95314,56.05577
27.953209,49.212826,33.76392,49.844555,39.40531,49.36317,45.323116,48.493263,39.746872,49.59992,34.058605,50.084515,66.59634,48.76506,73.03471,49.218094,78.75028,49.31335,84.3936,48.30589,78.817345,49.552784,73.09282,49.64532
25.580051,43.34525,29.008188,44.88623,32.474003,45.930912,36.009712,46.357563,31.810627,46.703938,28.554571,45.801197,54.99546,53.152847,60.12445,55.239433,65.06479,57.433006,71.4792,58.7164,64.32552,58.523872,59.54749,56.8467
19.19049,50.80944,22.517456,50.279427,27.416134,49.93519,33.16387,50.327126,27.884674,52.508232,23.039196,52.851578,52.79271,51.774876,58.357155,51.698315,64.82882,51.61129,72.267876,51.116043,65.44632,54.008842,59.01606,53.91873
22.5181,26.16911,29.179256,27.33603,35.974167,27.556557,43.98542,28.073627,35.673904,31.34808,28.853764,31.233044,69.98794,27.61295,77.753876,27.570698,84.19212,27.052181,90.42585,25.505466,84.30582,30.358067,77.80232,30.61031
22.06039,63.087334,26.17118,61.767876,29.900589,59.506496,33.66939,56.188644,30.360775,60.135952,26.355957,62.414333,55.650906,45.374756,61.419308,44.48589,66.44992,42.543003,71.3672,38.781574,66.48097,42.821346,61.585545,44.905167
40.40358,60.73018,43.663773,56.2213,47.51119,52.854645,52.286987,51.96894,50.30517,55.9728,46.567276,59.022865,68.6679,39.791218,70.38746,36.207607,72.99685,33.36688,75.743355,33.053665,75.40365,35.926834,73.04767,38.385643
27.699373,47.334232,33.42895,48.48145,38.92837,48.4296,44.898525,47.77154,39.169613,49.059303,33.461475,49.19037,67.38432,48.155045,73.83393,49.264416,78.971275,49.83189,83.84821,49.228065,78.82416,50.10673,73.56293,49.75377
12.087536,26.80298,18.107517,25.462694,25.171879,24.443884,32.049862,25.727621,25.428383,28.295721,18.228756,28.91221,63.889988,24.606508,70.777145,23.569979,78.25673,23.660383,86.01169,24.220587,78.87872,27.029222,70.87096,26.900953
15.362621,62.144688,18.558502,59.942642,22.479908,56.780567,27.812832,53.400513,23.475933,57.5749,19.564545,60.339783,50.87131,41.194027,56.28983,39.250492,61.525646,36.931503,67.369156,34.038498,62.36777,38.07621,57.14317,40.20848
41.319595,31.277582,43.05854,28.807371,46.12018,28.713871,49.523438,30.799957,46.99704,33.609394,44.002167,33.85032,62.592842,31.787193,64.58511,29.176708,67.36532,29.11657,71.437546,32.055042,68.13145,34.551476,65.111595,34.61334
30.90287,45.536892,35.51525,44.084373,39.836975,43.592094,44.472282,44.658966,39.773052,46.275085,35.212,46.822388,65.20857,42.627632,70.21686,40.335613,74.789764,40.375477,79.031586,41.288498,74.8123,43.43474,70.151215,43.628906
21.640944,49.155445,25.279589,48.48747,29.465967,47.98518,33.684593,47.84263,29.373476,48.995163,25.231398,49.405155,52.443382,47.103363,58.016777,47.49882,63.356148,47.321835,69.053474,46.389034,63.475533,48.068027,58.16958,48.150253
26.90226,29.532658,30.643677,27.576572,35.655098,27.394096,40.885098,29.090595,35.63806,31.841251,30.765007,32.010117,62.87653,27.436298,68.682915,23.67165,75.237015,22.866213,81.970116,23.732738,76.20055,28.072979,69.037025,29.065346
22.779242,56.153236,25.970453,55.944565,30.243128,54.65384,34.82016,52.773033,30.514822,56.073597,26.240591,57.450134,53.25728,49.41565,58.596764,49.516914,64.36981,48.22532,70.669044,45.576904,64.965225,50.154697,59.12523,51.286724
26.953903,41.154217,33.291073,41.003952,38.965683,40.932114,44.994217,42.15626,38.94416,43.661884,33.003773,43.5156,72.35431,42.523228,79.099045,41.768105,85.47707,42.81308,92.85502,42.97397,85.35915,45.030117,78.71583,44.71106
26.463541,49.358162,30.91845,49.78988,34.945343,49.6281,38.941566,49.371407,34.56961,50.130196,30.486996,50.362137,59.500973,48.414696,64.49846,48.884224,68.70357,49.04884,73.05115,48.412804,68.20227,49.762638,63.862858,49.6642
27.783644,51.89235,33.36927,50.715973,39.35455,50.416367,44.97234,51.60014,39.491962,53.44997,33.688946,53.811676,67.20461,50.933014,72.96708,50.149227,78.53559,50.18766,83.32182,50.907806,78.60406,52.949184,73.08497,52.76504
18.357624,53.56939,24.68539,55.171265,31.19527,54.44512,37.56715,53.47477,31.186008,55.79342,24.557156,56.21708,59.483032,53.55618,66.19948,54.252174,73.070206,53.59249,80.37375,51.274284,73.88801,54.95425,66.76084,55.421074
24.666937,52.98385,31.195024,52.606075,37.271645,51.60408,43.420815,50.94892,37.373856,53.389427,31.302046,54.333332,68.7929,47.101364,74.74251,46.542534,80.55938,45.72759,86.78909,44.051735,81.06922,47.061718,75.09076,48.046177
25.124718,46.37217,29.9771,44.26886,35.41119,43.072895,41.47079,43.779858,35.865143,44.903023,30.331646,45.909782,61.958004,43.068703,68.18732,42.335823,73.96091,43.039944,79.470436,44.811905,73.58686,44.940826,67.70188,44.245934
20.002842,43.483868,25.874714,43.9838,31.837193,43.318462,38.177322,42.73853,31.843315,44.778515,25.954155,45.208305,62.592823,43.558865,69.62874,43.93317,76.28278,44.829178,82.96142,44.19907,75.84635,46.327595,69.277245,45.72497
21.632612,41.94393,27.694635,44.27491,34.0599,43.700615,40.4208,41.61743,33.936935,44.56437,27.448225,44.906242,64.08355,41.107544,71.2672,43.118347,77.41819,43.488747,83.28199,41.02678,77.41622,44.34577,70.97558,44.069786
27.831837,43.33039,34.168903,42.706932,40.839638,41.669983,47.891983,40.95118,41.18152,44.751953,34.31047,45.96653,73.070435,36.59471,79.19762,35.55207,85.26015,35.12393,91.663574,34.060425,85.81589,37.778076,79.7759,38.45284
23.745728,45.203514,24.908035,45.29415,27.343544,45.75889,29.703678,47.44953,26.554,47.934784,24.72538,47.54991,42.418686,52.79133,46.115658,53.174026,50.956036,54.72766,57.05139,55.540276,49.928303,56.98256,45.653458,55.88379
26.2307,46.398216,31.882668,47.092438,37.554535,46.084816,43.561382,45.198208,37.457634,47.664734,31.917763,48.187904,68.04851,45.41973,74.4196,46.562088,80.20079,46.59617,85.32356,45.30553,79.9653,47.94203,74.32068,47.675385
31.716625,47.45546,37.005093,47.43557,41.712673,47.51883,47.612553,48.584496,42.093983,48.800415,37.098503,48.821243,68.69934,48.784073,74.27488,48.212074,78.775795,48.34832,83.315186,48.51819,78.932816,49.702026,74.15624,49.669563
27.171768,49.77562,32.283688,49.770508,37.407864,48.671516,42.75212,47.291714,37.675934,49.159363,32.643517,50.0839,64.4222,46.6929,70.17775,48.38188,75.18603,48.89396,80.12846,48.685593,74.87747,49.24073,69.95746,48.48725
25.705912,48.31254,30.764977,47.242355,36.274345,46.642166,41.799652,46.945415,36.47289,48.632896,31.048672,49.245117,65.31618,46.890007,70.58127,46.796127,75.74736,47.146698,80.84601,47.687515,75.84127,48.78762,70.71079,48.54892
12.750898,45.32985,17.200449,45.82305,22.137358,45.086044,27.659937,43.586147,22.258898,46.220757,17.42801,46.855385,48.341194,43.05978,54.86911,44.726368,61.36772,44.57053,68.23964,42.447422,61.380417,45.829346,54.930473,45.788235
24.258617,48.42967,30.10844,48.27908,36.04985,47.44212,42.065372,47.139435,36.291748,48.733162,30.476673,49.249744,66.82784,47.187977,73.09942,47.42453,78.73986,47.469208,84.59784,47.430668,78.82225,48.785828,73.07114,48.590466
20.753792,48.23084,27.27281,49.911938,33.58687,49.865784,39.962036,49.32235,33.41669,51.36657,26.929754,51.239826,66.412346,49.800243,73.262474,51.271458,79.26054,51.37973,85.07161,49.58698,79.34369,52.280087,73.037796,52.23078
14.61261,45.13772,16.221573,45.842064,19.939003,45.13214,24.427864,43.406754,20.980804,46.024338,17.605469,47.05767,44.7744,42.001312,49.92994,43.058388,56.589905,42.996628,64.353264,41.426514,57.079567,43.957115,50.727615,44.321884
28.361357,44.294117,34.2042,43.04362,40.190228,42.42882,45.582096,43.55913,40.112686,45.126053,33.985237,45.703094,67.662315,44.359318,74.182724,43.814297,80.29067,44.50186,84.94207,46.21898,79.52459,47.245403,73.44702,46.3872
39.631508,39.84127,46.275154,41.306396,51.876137,42.91908,57.02701,45.797424,51.082485,45.778576,45.368774,44.09594,74.763016,52.151123,79.888,52.40508,84.47274,54.09732,87.830124,56.70676,83.64076,56.997555,79.20623,55.193825
20.731318,56.64216,26.410917,56.033615,32.228203,54.163277,38.390556,51.38864,32.380188,54.631744,26.773142,56.25569,61.73539,46.704735,68.80761,47.28305,75.34331,46.790367,81.237,44.541893,74.81242,47.256317,68.53629,47.81063
26.71903,49.8929,32.72432,49.4225,38.690777,49.247574,44.320194,49.838722,38.74399,51.627457,32.66108,51.87971,68.541595,49.93952,74.98696,49.188736,80.58886,49.214684,85.23712,49.646904,80.5848,51.835926,74.82802,51.69564
24.61704,34.108253,27.993027,35.22263,32.046642,37.612915,34.963535,41.525223,29.705776,40.532887,26.0031,38.308414,54.676796,52.22047,60.3244,52.636547,65.91468,54.966343,71.410324,58.25236,64.07391,58.558575,58.58436,56.37611
29.302614,48.421074,35.734627,45.19966,41.947754,42.38171,48.300568,41.511078,42.981255,45.02992,36.980934,47.377014,68.8818,33.907257,72.90332,32.174934,77.13038,30.86418,80.96664,31.233843,78.221954,33.15744,73.94707,33.997986
23.44545,49.12327,29.587456,50.651733,34.914005,50.028046,41.215622,48.148804,35.01714,49.950047,29.549133,50.538586,61.88084,46.606106,68.60814,47.835365,74.50198,48.031532,80.27716,46.37072,74.1819,48.232704,68.32086,48.021812
22.740162,31.011324,29.842627,32.178246,36.386086,33.134445,42.908916,34.452187,36.259182,35.148483,29.411917,34.303856,72.52216,40.158493,80.25712,41.814003,86.926956,43.18528,92.98625,43.959785,86.712204,45.07553,79.82243,43.934235
54.991356,32.133217,62.191986,33.09777,67.47964,35.2408,71.32939,40.3275,66.06337,38.321304,60.986595,35.56904,90.96295,54.225357,94.61969,56.748283,97.283585,59.501686,98.38302,63.228676,95.65037,61.29325,93.09898,58.478004
23.228384,49.05985,27.671125,48.26148,32.755592,47.754723,38.180435,48.494263,32.96386,49.726387,27.807894,50.11647,58.279045,47.91118,63.380623,47.34961,68.66145,46.598816,74.63826,45.592697,69.15582,47.85299,63.78798,48.38347
19.19049,50.80944,22.517456,50.279427,27.416134,49.93519,33.16387,50.327126,27.884674,52.508232,23.039196,52.851578,52.79271,51.774876,58.357155,51.698315,64.82882,51.61129,72.267876,51.116043,65.44632,54.008842,59.01606,53.91873
30.51881,49.3177,35.72386,49.16377,40.400967,48.265305,45.232197,47.93918,40.559505,49.139,35.921623,49.78661,66.23983,47.65501,72.35705,48.693657,76.86046,49.312576,81.335846,49.050728,76.2467,49.61726,71.740074,49.15434
36.529583,48.866066,40.955906,49.08536,46.161514,48.554474,52.22534,47.799732,46.9805,49.411114,41.65141,50.011707,75.79521,46.830997,79.86197,48.20736,84.15491,48.624416,88.49072,48.19076,84.39208,48.984924,80.05321,48.656364
18.396664,28.69741,25.489712,31.604698,32.595863,32.10626,39.24172,31.466328,32.16221,34.132847,24.784977,33.553978,68.8947,32.76267,76.199844,33.252377,83.462006,33.064304,90.58119,31.347244,84.0036,35.561916,76.320724,35.825714
16.40918,29.932901,23.417313,34.96386,30.743595,37.317116,38.878204,38.181297,29.856525,39.583603,22.34515,37.211205,64.84932,46.716072,72.36819,50.96821,80.48063,53.409492,89.60603,53.09024,80.015015,55.922455,71.59632,53.661087
17.593443,51.732445,20.866316,49.95885,25.08312,49.560944,29.794687,49.385036,25.260767,52.301353,20.928759,52.900448,51.06006,45.672882,56.0224,44.40892,61.35434,44.320515,68.06129,44.643578,61.65757,46.84201,56.121147,47.166275
25.536272,47.3584,30.758228,47.063713,36.494846,46.469856,42.592896,46.32501,36.788696,47.69895,31.109974,48.241074,67.95359,46.758896,74.306496,47.063793,80.17295,47.255707,85.82536,47.07818,80.18294,48.365925,74.28307,48.196823
18.772522,44.62416,24.824348,40.631813,30.438892,38.561413,37.583794,38.3252,31.649372,41.566444,25.803661,43.503403,65.76126,32.726257,71.64017,30.409843,77.16571,29.770277,83.329346,30.448822,77.64322,32.427,72.08444,33.27965
16.228695,32.856884,18.523924,31.694828,22.234865,32.62661,25.92681,34.985367,21.689016,36.304535,18.096395,35.773724,48.26351,38.553013,53.072502,37.144608,59.08503,38.121162,65.497215,40.71218,58.780777,42.165245,53.055496,41.355274
26.309986,45.29859,31.696905,42.64727,38.11444,43.206375,43.597336,47.84195,37.443993,50.47254,31.206495,49.93672,64.152885,47.218605,69.2441,41.531254,75.75626,41.08235,81.495926,44.324974,76.498184,49.06598,70.02628,49.731194
15.700071,48.819073,18.92954,49.15626,23.411219,49.011723,28.10301,48.13855,23.5025,50.497604,19.146807,50.76864,50.60579,46.876038,56.291763,46.244347,62.146347,46.202126,68.526474,45.65554,62.48999,47.988834,56.63513,48.39492
29.096447,46.77375,33.405815,48.401505,37.861725,49.145027,42.804134,50.03031,37.2658,50.533012,32.82732,49.65737,64.43992,55.56768,70.44347,57.452774,75.51841,59.15432,80.395584,60.444046,74.49206,60.685005,69.13466,58.725304
32.760757,42.09951,37.524746,43.48284,41.776382,44.026283,46.561268,44.94319,41.80165,44.862637,37.480297,43.968258,67.645485,50.91732,72.32901,53.20652,76.399315,54.84499,81.01077,56.163887,76.02783,55.247623,71.57274,53.614273
24.230167,28.70358,31.296658,34.246384,38.010944,37.9097,45.45951,39.885353,36.424133,39.61682,29.351532,36.0823,70.97006,54.008278,78.61681,59.144386,84.82285,63.243057,91.64963,64.45515,83.10106,64.542175,76.68976,60.980164
19.60389,46.42748,26.47183,47.670403,33.240715,46.647537,40.73214,44.41568,33.853745,47.466534,27.076384,48.29504,66.47253,43.703484,73.655,45.43418,80.65647,45.92689,87.78429,44.38317,80.44567,46.57829,73.46666,46.097492
38.88645,34.771004,44.34015,39.644142,49.073166,43.651207,53.067154,46.941116,47.223763,44.429565,42.22087,40.528038,70.64537,63.41121,76.489586,68.484856,80.76677,72.97081,84.91271,76.052635,78.617325,73.14962,74.290474,68.85879
27.738441,54.966812,33.683647,53.38186,39.245243,51.56093,44.55095,50.746098,39.646965,53.094112,33.87251,54.838707,67.71047,45.212498,73.284996,43.61454,78.60882,42.637383,83.58755,42.189014,79.249146,44.240948,73.7122,45.369053
22.96296,60.690033,23.727226,58.882732,25.922165,57.959953,27.410538,57.620792,26.638569,59.98126,24.825413,61.101482,39.947845,49.820465,42.6093,46.61647,46.792404,43.83684,52.431305,40.948715,48.20443,46.33716,44.23004,48.7642
22.56599,45.154724,25.227648,46.430237,28.506634,47.45809,30.669783,48.10063,27.590553,48.730766,24.609684,47.93833,47.57423,53.50966,52.58375,54.807693,57.634686,55.843246,63.653397,56.056602,56.672832,57.55246,51.729755,56.361603
22.586304,24.910461,26.668217,25.76194,31.37633,27.992962,36.046036,30.080212,30.591963,29.533016,25.78848,28.138386,53.244507,38.713245,58.777977,41.332676,64.8985,45.29581,72.19842,49.427578,63.949036,46.908665,57.8384,43.47028
23.481289,49.831356,28.96996,48.90232,34.814342,48.18577,40.900654,48.7846,35.143578,51.286358,29.211124,51.678303,67.05467,45.976036,71.85155,44.78364,77.54999,43.914955,82.59984,43.81903,78.10777,46.858208,72.42075,47.447205
20.636776,33.510532,25.64281,29.731209,31.10437,28.986523,36.873875,31.231209,31.71761,32.55644,26.231892,33.15173,64.90854,31.041447,70.217575,28.587704,75.52756,29.040295,80.91667,32.415287,75.5439,32.46165,70.06351,32.16239
19.497337,38.793003,26.7171,38.09051,33.20323,38.8642,40.507156,41.178,33.34971,42.167564,26.539892,41.618366,68.54423,42.50136,75.748726,40.65104,82.00702,40.711414,88.16595,41.752018,82.34932,44.042614,75.87214,44.018696
16.609533,44.28015,20.350744,44.473976,25.041601,44.288284,30.008276,43.653015,25.092402,46.36259,20.404325,46.8321,51.606987,42.330288,57.111275,42.542377,63.074112,42.79871,69.846,41.45021,63.266815,44.688866,57.229103,44.709316
25.047514,50.083725,30.627592,50.730583,36.09323,50.29527,41.820843,49.78257,36.266174,51.875076,30.722528,52.219727,64.19096,50.128906,70.01398,50.542297,75.40662,50.47435,80.97013,49.613537,75.90727,51.967285,70.39065,52.17141
39.323147,28.873837,42.78014,27.738316,46.3298,27.888458,49.916473,29.294498,46.829254,31.66357,43.36519,31.452679,65.75987,30.983192,68.57459,29.992626,71.97856,30.238277,76.87867,32.40514,72.01761,34.49927,68.6898,34.138905
37.620327,44.626698,45.869614,47.541985,52.341053,47.30303,59.22196,45.87734,52.482243,49.59264,45.6212,49.429787,85.04987,44.422348,90.2055,45.56393,94.1906,45.612274,98.59782,43.86489,94.52031,46.974586,90.17781,46.87356
36.040752,38.70301,43.64339,40.414238,50.248775,39.780037,57.691647,38.60087,51.037247,41.38553,43.984264,41.767624,82.05784,37.231895,87.73507,39.24266,91.99191,39.266296,95.99656,37.86434,92.30598,39.870804,87.837036,39.606598
27.616335,45.465565,33.3722,43.475227,38.81239,42.385887,45.306255,42.870335,39.384247,45.14071,33.853558,46.07352,69.16517,43.09724,75.7431,42.845512,81.21514,43.995,86.52685,46.13678,80.63658,46.6241,74.900085,45.589066
36.889458,32.326256,40.988712,34.40509,44.656178,37.56952,47.927704,42.158775,42.48018,39.52761,38.9075,36.443306,65.47716,56.50151,70.80313,59.024864,75.02908,63.11483,79.328705,68.02751,72.731674,64.931694,68.53,61.44487
33.777832,61.48564,40.067635,59.66439,44.533188,56.136395,49.258057,50.64415,45.708324,56.78623,41.20396,60.38754,67.684296,38.845737,73.16213,37.826935,77.34794,35.78975,80.445335,33.158943,77.965164,36.79443,73.82184,38.73715
24.68206,42.43208,31.776863,43.429638,37.83323,43.029427,44.57969,41.66764,37.94368,44.727642,31.565655,45.01588,73.01912,41.621574,80.37189,42.619865,86.540985,42.928123,93.008865,41.776333,86.41571,44.67948,79.994514,44.52312
46.537697,49.463726,53.50729,53.070107,59.006817,53.715057,65.42896,53.076782,59.27955,55.17541,53.36746,54.243958,83.58981,54.153484,87.31779,56.45252,90.16793,56.909733,93.18201,55.653614,90.447464,57.189476,87.08503,56.650196
36.940025,36.991364,42.816975,40.367146,48.315674,42.850544,53.510323,45.38576,47.469536,44.493553,41.808952,41.93053,73.46201,55.2453,78.64837,57.468422,83.33881,60.02486,87.247696,61.79391,82.57299,61.578556,77.72163,59.09351
40.450905,42.499382,46.87822,44.76715,52.711502,44.753983,58.425674,42.76896,52.54074,45.093185,46.574272,45.08809,80.715675,43.081177,86.58293,44.787064,91.04915,45.490746,94.050446,44.634407,90.719536,46.493935,86.096375,45.599335
19.626617,48.892986,23.914536,49.66337,28.113644,49.46635,33.318768,47.97478,28.105537,49.77497,23.80605,50.208973,53.956303,47.285435,59.556454,48.369663,64.66019,48.77763,71.12689,47.686054,64.876236,49.20015,59.73907,48.906727
30.191517,40.058647,37.10936,45.237873,43.849434,46.960262,51.44915,46.355995,43.55757,47.55934,36.7535,46.033436,74.83601,53.32515,80.89777,58.102703,86.22662,60.399963,92.096954,58.86564,85.76033,59.99401,80.31902,57.892815
25.867928,47.236137,31.481243,47.12248,37.46415,47.2694,43.85074,48.45679,37.340878,49.097862,31.236202,48.82529,65.992226,50.666977,72.64017,51.723454,78.3866,52.971966,84.09223,54.05635,77.82088,54.012722,72.013,52.852654
20.449186,57.887836,23.785074,57.654053,28.565538,56.22921,34.194435,54.57698,29.18072,57.975044,24.393415,59.294384,52.522583,49.519516,57.933792,48.170864,64.14456,46.888664,71.07852,44.858368,65.1094,48.828194,59.05687,50.24813
31.56062,45.476856,37.46337,47.51601,42.7595,47.89573,48.227093,47.599922,42.950603,48.495796,37.563747,48.24849,67.813484,50.067616,73.03656,51.99773,77.603935,53.035606,82.40759,52.858498,77.43058,54.155888,72.69193,53.302147
20.762299,60.49684,23.585003,61.120277,27.109707,59.436325,30.97958,55.445484,27.65934,58.66366,24.323532,60.15645,52.417652,48.879265,57.32327,49.586678,62.766857,48.32751,68.710175,44.84776,62.977764,47.73747,57.633762,49.012856
25.25084,49.25469,30.99413,49.135532,36.653923,48.21706,42.316822,47.67693,36.915005,49.3385,31.333248,49.985504,65.79843,47.20091,71.95387,47.84789,77.39981,48.02871,83.0529,47.626305,77.38434,49.01841,71.85691,48.835075
30.237072,47.21202,36.29208,49.198963,41.526947,48.39277,47.30976,46.193825,41.7643,48.216713,36.200455,48.802666,66.19333,46.220737,72.493774,49.028854,77.75142,49.666523,83.049515,47.517014,77.54698,49.1895,72.35537,48.548866
21.070477,38.35005,27.537449,39.12231,33.64841,37.85412,40.60794,35.878304,34.241077,38.621883,27.895195,39.684708,65.002556,34.69779,72.32958,36.42496,78.328026,37.207664,84.58348,36.090214,77.85308,37.786392,71.58425,37.04454
26.954453,48.762897,32.041656,48.906765,37.49552,47.9824,43.382523,48.0485,37.77185,50.11167,32.216187,50.564274,65.30059,48.509026,71.21935,49.309006,76.805466,49.552605,82.70855,48.67045,76.93299,51.19705,71.16908,50.773342
32.40825,48.508236,37.134163,48.361103,42.03148,47.97445,47.167984,48.153572,42.132645,50.0729,37.207474,50.369926,67.292755,49.167168,72.0117,49.526787,76.6432,50.42547,81.12096,51.712933,76.29057,52.240536,71.55043,51.38468
24.339752,42.100494,31.205173,43.452816,37.752857,42.5471,45.243828,41.038807,37.720474,44.342743,31.036324,45.09457,69.20977,39.64651,76.54243,41.088367,82.94821,41.647106,89.73369,40.276806,82.84729,43.06571,76.23096,42.785458
20.947628,49.50713,24.67878,50.4629,29.354923,50.011826,34.53096,49.00905,29.497585,50.975,24.770893,51.162804,54.638195,49.5176,60.51383,51.144417,66.687386,51.42223,73.4122,49.920364,66.722824,52.251877,60.596172,51.981335
25.395927,53.83387,31.174385,53.7133,37.172626,52.727654,42.305626,51.818077,37.231506,54.493393,31.376152,55.287483,65.737946,49.977676,71.869644,50.27563,77.63076,50.31147,82.840385,49.62055,77.4616,52.001045,71.781624,52.01815
28.41743,45.851837,33.71417,46.417023,38.649002,45.867783,44.27371,45.015953,38.87214,46.79622,33.688644,47.29818,67.28462,45.361084,73.1063,46.26596,77.92138,46.60338,83.15219,45.88288,78.01025,47.579437,73.01827,47.333015
23.079636,30.228577,29.85043,32.216305,35.831432,32.001774,41.966625,30.963734,35.495907,31.39737,29.701283,31.427696,71.64021,31.162865,78.441086,32.933117,84.10724,33.176674,90.31917,31.311314,83.74252,32.22511,78.052536,32.046017
25.024538,34.707447,28.631844,34.873093,32.914577,38.015163,35.45199,42.368847,30.383713,41.48427,26.586048,39.18679,53.98547,51.81135,60.49349,50.879986,66.42088,53.33787,71.56086,57.521935,64.19666,57.328423,58.42827,55.193825
18.915745,48.33757,22.3866,47.34304,26.705402,47.244568,31.385277,48.29795,26.776546,48.7377,22.557533,48.95665,51.221462,48.31787,56.221188,47.61168,61.070347,48.17424,67.11446,49.163734,61.15478,49.631767,56.39143,49.380493
23.533396,49.433002,30.876541,51.588657,37.35304,52.080795,43.888382,51.529194,37.07383,53.019527,30.23665,52.757458,67.69938,53.584637,75.17898,55.071358,81.21636,55.819355,86.95602,54.99136,80.599884,56.676212,74.416275,55.903778
16.339,29.589172,19.227108,28.250374,23.183514,28.84544,27.996609,30.331345,22.924362,31.456242,19.365238,31.553524,49.04168,33.18895,55.26912,32.347855,62.028404,33.932938,70.48748,36.0493,61.611366,36.600906,54.78264,35.460266
32.240665,42.472557,37.17809,43.007454,41.93313,43.514908,46.538475,43.9583,41.522747,44.16338,36.83935,43.52715,67.317726,47.76923,72.009766,49.335876,76.27898,51.055847,80.17379,52.07482,75.820404,51.501717,71.49154,50.137566
17.105215,58.520077,20.601755,56.67702,25.78892,54.412746,31.107996,52.528744,26.772963,56.36275,21.758852,58.52262,52.964394,42.882145,58.646767,41.18909,64.800354,39.353535,71.22245,36.48825,66.079865,41.056393,59.90795,43.20569
28.88704,55.132442,34.596317,56.8816,39.746582,56.514507,45.52323,55.6179,39.9817,57.598675,34.651974,57.930363,65.27487,55.632545,70.99089,56.4634,76.43848,56.325226,81.774864,54.740692,76.40676,57.380234,70.82277,57.527752
22.227158,56.725075,27.129257,55.278034,31.639893,53.3531,37.398563,50.914,32.572865,54.628044,27.996986,56.47902,61.165462,43.005466,66.332405,41.77591,71.5863,40.32448,76.93931,39.088093,71.863754,41.874073,66.83668,43.265953
20.738062,36.769012,27.683237,36.210815,34.13732,35.855053,40.915306,36.482845,34.122917,38.098747,27.506384,38.437733,70.64392,35.95404,78.85141,35.474102,86.03462,35.69496,93.17257,36.20746,86.228096,38.358715,78.65779,38.15901
29.55081,46.232533,35.685184,48.588844,40.98494,47.766266,47.18431,45.16054,41.382904,47.297276,35.733944,47.962353,65.84485,45.67857,72.75867,48.980568,78.351166,49.803173,83.73055,47.34779,78.0926,49.03326,72.4896,48.262688
23.081213,43.36553,28.984165,42.662838,34.668507,42.079178,41.757412,41.75022,35.156555,42.87277,29.314915,43.447517,66.729324,43.103703,73.74259,43.936687,79.88143,44.767056,85.780876,45.59585,79.3512,45.73099,73.17406,44.667965
12.293892,30.7766,19.153461,31.549778,25.79115,31.422417,33.59786,31.481583,25.966805,33.95413,19.326984,33.97329,65.42885,31.82758,72.735275,31.439709,79.72092,31.084213,87.58447,30.402061,80.58284,33.907944,73.43062,34.05901
16.439255,52.336388,18.752369,50.668076,21.738052,49.38044,25.63451,48.469337,21.923748,50.64945,19.279606,51.91393,44.188786,44.67345,49.537617,43.815098,54.71108,43.838837,61.548397,44.70644,54.297955,45.29826,49.07095,45.326405
17.565926,58.56214,21.578712,55.061543,26.160416,51.75965,32.225384,49.444046,27.623337,52.886566,22.823418,55.96211,53.692245,39.023163,59.680855,36.987373,65.28463,35.495895,71.5362,34.053513,65.74336,36.625202,59.958862,38.262733
